怪物ID,怪物名称,简介,怪物模型名称,种族,细分种族,击杀点,怪物类型,怪物技能,最大攻击力,最小攻击力,血量上限,能量,防御最大值,防御最小值,暴击率,暴击伤害,火属性攻击,冰属性攻击,毒属性攻击,光属性攻击,暗属性攻击,火属性防御,冰属性防御,毒属性防御,光属性防御,暗属性防御,攻击速度
id,name,desc,model,race,race_category,killsvalue,monster_type,monster_skill,attack_max_value,attack_min_value,hp,mp,def_max_value,def_min_value,crit,critdamage,fire_attack_value,ice_attack_value,poison_attack_value,light_attack_value,dark_attack_value,fire_def_value,ice_def_value,poison_def_value,light_def_value,dark_def_value,attack_Speed
int,string,string,string,int,int,int,int,string,int,int,int,int,int,int,float,float,int,int,int,int,int,int,int,int,int,int,int
10000001,白骨傀儡,可爱的小怪兽。,Leoric,4,1,1,1,4101-1|,20,10,500,100,1,1,0.01,1.5,0,0,0,0,0,0,0,0,0,0,150
10000002,骷髅战士,可爱的小怪兽。,Leoric,4,1,2,2,4101-1|,50,15,1000,100,2,2,0.02,1.5,0,0,0,0,0,0,0,0,0,0,150
10000003,李奥瑞克,骷髅王,Leoric,4,1,5,3,4101-1|,100,50,1500,100,3,3,0.5,1.5,0,0,0,0,0,0,0,0,0,0,150
10000004,剧毒食人花,可爱的小怪兽。,ChomperToxic,2,1,2,2,4101-1|,40,20,2000,100,4,4,0.01,1.5,0,0,0,0,0,0,0,0,0,0,150
10000005,变异食人花,可爱的小怪兽。,ChomperAberrance,2,1,4,2,4101-1|,60,30,4000,100,5,5,0.02,1.5,0,0,0,0,0,0,0,0,0,0,150
10000006,兽人战士,可爱的小怪兽。,OrcSoldier,3,1,1,1,4101-1|,20,10,500,100,6,6,0.5,1.5,0,0,0,0,0,0,0,0,0,0,150
10000007,血斧兽人,可爱的小怪兽。,OrcAxe,3,1,2,2,4101-1|,50,15,1000,100,7,7,0.5,1.5,0,0,0,0,0,0,0,0,0,0,150
10000008,萨鲁法尔地狱咆哮,黑兽人,OrcBlack,3,1,5,3,4101-1|,100,50,1500,100,8,8,0.5,1.5,0,0,0,0,0,0,0,0,0,0,150
10000009,紫史莱姆,可爱的小怪兽。,SlimePurple,2,1,2,2,4101-1|,40,20,2000,100,9,9,0.5,1.5,0,0,0,0,0,0,0,0,0,0,150
10000010,懒史莱姆,可爱的小怪兽。,SlimeBlue,2,1,4,2,4101-1|,60,30,4000,100,10,10,0.5,1.5,0,0,0,0,0,0,0,0,0,0,150
10000011,哥布林战士,可爱的小怪兽。,GoblinReconnoitre,3,1,1,1,4101-1|,20,10,500,100,11,11,0.5,1.5,0,0,0,0,0,0,0,0,0,0,150
10000012,哥布林斥候,可爱的小怪兽。,GoblinSoldier,3,1,2,2,4101-1|,50,15,1000,100,12,12,0.5,1.5,0,0,0,0,0,0,0,0,0,0,150
10000013,贸易之王莫格尔,哥布林酋长,GoblinChief,3,1,5,3,4101-1|,100,50,1500,100,13,13,0.5,1.5,0,0,0,0,0,0,0,0,0,0,150
10000014,地狱看守塞伯拉斯,地狱看门人,Cerberus,3,1,10,3,4101-1|,5000,1000,100000,20000,14,14,0.5,1.5,0,0,0,0,0,0,0,0,0,0,150
10000015,白骨战士,物理抗性I,BonesPuppet,3,3,1,1,4106-1|,6,2,151,400,3,1,0.03,1.5,4,0,0,0,0,0,0,0,0,0,150
10000016,绿皮杂耍者,抗性强化I,GoblinReconnoitre,4,1,1,1,4101-1|4129-1,7,2,109,400,2,2,0.03,1.5,2,0,0,0,0,2,2,2,0,2,150
10000017,食尸鬼爪牙,攻击强化I,Ghoul,3,6,1,1,4113-1|4136-1,7,2,117,400,4,1,0.13,1.5,0,0,0,0,4,2,0,0,2,5,150
10000018,兽人战士,强壮I,OrcSoldier,4,9,1,1,4120-1|4139-1,7,1,198,400,3,1,0.03,1.5,0,0,0,0,4,0,0,0,0,0,150
10000019,白骨战士,物理抗性I,BonesPuppet,3,3,1,1,4106-1|,6,2,151,400,3,1,0.03,1.5,4,0,0,0,0,0,0,0,0,0,150
10000020,绿皮杂耍者,抗性强化I,GoblinReconnoitre,4,1,1,1,4101-1|4129-1,8,2,139,400,3,3,0.03,1.5,3,0,0,0,0,2,2,2,0,2,150
10000021,食尸鬼爪牙,攻击强化I,Ghoul,3,6,1,1,4113-1|4136-1,8,2,149,400,6,2,0.13,1.5,0,0,0,0,5,3,0,0,3,6,150
10000022,兽人战士,强壮I,OrcSoldier,4,9,1,1,4120-1|4139-1,9,2,252,400,4,2,0.03,1.5,0,0,0,0,5,0,0,0,0,0,150
10000023,剧毒食人花,忽高忽低I,ChomperToxic,3,2,1,1,4104-1|4132-1,13,2,120,400,4,2,0.06,1.5,0,0,5,0,0,0,3,3,0,3,150
10000024,绿皮杂耍者,抗性强化I,GoblinReconnoitre,4,1,1,1,4101-1|4129-1,8,2,139,400,3,3,0.03,1.5,3,0,0,0,0,2,2,2,0,2,150
10000025,食尸鬼爪牙,攻击强化I,Ghoul,3,6,1,1,4113-1|4136-1,9,3,180,400,6,2,0.13,1.5,0,0,0,0,6,3,0,0,3,7,150
10000026,兽人战士,强壮I,OrcSoldier,4,9,1,1,4120-1|4139-1,10,2,304,400,4,2,0.03,1.5,0,0,0,0,6,0,0,0,0,0,150
10000027,剧毒食人花,忽高忽低I,ChomperToxic,3,2,1,1,4104-1|4132-1,15,2,144,400,4,2,0.06,1.5,0,0,6,0,0,0,4,4,0,4,150
10000028,白骨战士,物理抗性I,BonesPuppet,3,3,1,1,4106-1|,9,3,233,400,4,2,0.03,1.5,6,0,0,0,0,0,0,0,0,0,150
10000029,食尸鬼爪牙,攻击强化I,Ghoul,3,6,1,1,4113-1|4136-1,9,3,180,400,6,2,0.13,1.5,0,0,0,0,6,3,0,0,3,7,150
10000030,兽人战士,强壮I,OrcSoldier,4,9,1,1,4120-1|4139-1,12,2,359,400,5,2,0.03,1.5,0,0,0,0,7,0,0,0,0,0,150
10000031,剧毒食人花,忽高忽低I,ChomperToxic,3,2,1,1,4104-1|4132-1,17,2,170,400,5,2,0.06,1.5,0,0,7,0,0,0,4,4,0,4,150
10000032,白骨战士,物理抗性I,BonesPuppet,3,3,1,1,4106-1|,10,4,274,400,5,2,0.03,1.5,7,0,0,0,0,0,0,0,0,0,150
10000033,绿皮杂耍者,抗性强化I,GoblinReconnoitre,4,1,1,1,4101-1|4129-1,11,3,198,400,4,4,0.03,1.5,4,0,0,0,0,2,2,2,0,2,150
10000034,兽人战士,强壮I,OrcSoldier,4,9,1,1,4120-1|4139-1,12,2,359,400,5,2,0.03,1.5,0,0,0,0,7,0,0,0,0,0,150
10000035,剧毒食人花,忽高忽低I,ChomperToxic,3,2,1,1,4104-1|4132-1,19,3,196,400,5,2,0.06,1.5,0,0,8,0,0,0,5,5,0,5,150
10000036,白骨战士,物理抗性I,BonesPuppet,3,3,1,1,4106-1|,11,4,316,400,5,2,0.03,1.5,8,0,0,0,0,0,0,0,0,0,150
10000037,绿皮杂耍者,抗性强化I,GoblinReconnoitre,4,1,1,1,4101-1|4129-1,12,3,228,400,4,4,0.03,1.5,4,0,0,0,0,3,3,3,0,3,150
10000038,食尸鬼爪牙,攻击强化I,Ghoul,3,6,1,1,4113-1|4136-1,12,3,245,400,8,2,0.13,1.5,0,0,0,0,8,4,0,0,4,9,150
10000039,剧毒食人花,忽高忽低I,ChomperToxic,3,2,1,1,4104-1|4132-1,19,3,196,400,5,2,0.06,1.5,0,0,8,0,0,0,5,5,0,5,150
10000040,白骨战士,物理抗性I,BonesPuppet,3,3,1,1,4106-1|,11,4,316,400,5,2,0.03,1.5,8,0,0,0,0,0,0,0,0,0,150
10000041,绿皮杂耍者,抗性强化I,GoblinReconnoitre,4,1,1,1,4101-1|4129-1,12,3,228,400,4,4,0.03,1.5,4,0,0,0,0,3,3,3,0,3,150
10000042,食尸鬼爪牙,攻击强化I,Ghoul,3,6,1,1,4113-1|4136-1,12,3,245,400,8,2,0.13,1.5,0,0,0,0,8,4,0,0,4,9,150
10000043,兽人战士,强壮I,OrcSoldier,4,9,1,1,4120-1|4139-1,13,2,414,400,5,2,0.03,1.5,0,0,0,0,8,0,0,0,0,0,150
10000044,白骨战士,物理抗性I,BonesPuppet,3,3,1,1,4106-1|,11,4,316,400,5,2,0.03,1.5,8,0,0,0,0,0,0,0,0,0,150
10000045,绿皮杂耍者,抗性强化I,GoblinReconnoitre,4,1,1,1,4101-1|4129-1,15,4,298,400,4,4,0.03,1.5,5,0,0,0,0,3,3,3,0,3,150
10000046,食尸鬼爪牙,攻击强化I,Ghoul,3,6,1,1,4113-1|4136-1,15,4,320,400,10,2,0.13,1.5,0,0,0,0,9,5,0,0,5,11,150
10000047,兽人战士,强壮I,OrcSoldier,4,9,1,1,4120-1|4139-1,16,3,541,400,6,2,0.03,1.5,0,0,0,0,9,0,0,0,0,0,150
10000048,剧毒食人花,忽高忽低I,ChomperToxic,3,2,1,1,4104-1|4132-1,23,3,256,400,6,2,0.06,1.5,0,0,9,0,0,0,6,6,0,6,150
10000049,绿皮杂耍者,抗性强化I,GoblinReconnoitre,4,1,1,1,4101-1|4129-1,15,4,298,400,4,4,0.03,1.5,5,0,0,0,0,3,3,3,0,3,150
10000050,食尸鬼爪牙,攻击强化I,Ghoul,3,6,1,1,4113-1|4136-1,17,5,395,400,10,2,0.13,1.5,0,0,0,0,11,6,0,0,6,13,150
10000051,兽人战士,强壮I,OrcSoldier,4,9,1,1,4120-1|4139-1,19,3,668,400,6,2,0.03,1.5,0,0,0,0,11,0,0,0,0,0,150
10000052,剧毒食人花,忽高忽低I,ChomperToxic,3,2,1,1,4104-1|4132-1,27,3,316,400,6,2,0.06,1.5,0,0,11,0,0,0,7,7,0,7,150
10000053,白骨战士,物理抗性I,BonesPuppet,3,3,1,1,4106-1|,16,6,510,400,6,2,0.03,1.5,11,0,0,0,0,0,0,0,0,0,150
10000054,食尸鬼爪牙,攻击强化I,Ghoul,3,6,1,1,4113-1|4136-1,17,5,395,400,10,2,0.13,1.5,0,0,0,0,11,6,0,0,6,13,150
10000055,兽人战士,强壮I,OrcSoldier,4,9,1,1,4120-1|4139-1,22,4,795,400,8,3,0.03,1.5,0,0,0,0,12,0,0,0,0,0,150
10000056,剧毒食人花,忽高忽低I,ChomperToxic,3,2,1,1,4104-1|4132-1,31,4,376,400,8,3,0.06,1.5,0,0,12,0,0,0,8,8,0,8,150
10000057,白骨战士,物理抗性I,BonesPuppet,3,3,1,1,4106-1|,19,7,607,400,8,3,0.03,1.5,12,0,0,0,0,0,0,0,0,0,150
10000058,绿皮杂耍者,抗性强化I,GoblinReconnoitre,4,1,1,1,4101-1|4129-1,20,5,438,400,5,5,0.03,1.5,6,0,0,0,0,4,4,4,0,4,150
10000059,兽人战士,强壮I,OrcSoldier,4,9,1,1,4120-1|4139-1,22,4,795,400,8,3,0.03,1.5,0,0,0,0,12,0,0,0,0,0,150
10000060,剧毒食人花,忽高忽低I,ChomperToxic,3,2,1,1,4104-1|4132-1,33,4,437,400,9,3,0.06,1.5,0,0,13,0,0,0,8,8,0,8,150
10000061,白骨战士,物理抗性I,BonesPuppet,3,3,1,1,4106-1|,20,7,706,400,9,3,0.03,1.5,13,0,0,0,0,0,0,0,0,0,150
10000062,绿皮杂耍者,抗性强化I,GoblinReconnoitre,4,1,1,1,4101-1|4129-1,21,6,510,400,6,6,0.03,1.5,7,0,0,0,0,4,4,4,0,4,150
10000063,食尸鬼爪牙,攻击强化I,Ghoul,3,6,1,1,4113-1|4136-1,21,6,546,400,14,3,0.13,1.5,0,0,0,0,13,7,0,0,7,16,150
10000064,剧毒食人花,忽高忽低I,ChomperToxic,3,2,1,1,4104-1|4132-1,33,4,437,400,9,3,0.06,1.5,0,0,13,0,0,0,8,8,0,8,150
10000065,白骨战士,物理抗性I,BonesPuppet,3,3,1,1,4106-1|,20,7,706,400,9,3,0.03,1.5,13,0,0,0,0,0,0,0,0,0,150
10000066,绿皮杂耍者,抗性强化I,GoblinReconnoitre,4,1,1,1,4101-1|4129-1,21,6,510,400,6,6,0.03,1.5,7,0,0,0,0,4,4,4,0,4,150
10000067,食尸鬼爪牙,攻击强化I,Ghoul,3,6,1,1,4113-1|4136-1,21,6,546,400,14,3,0.13,1.5,0,0,0,0,13,7,0,0,7,16,150
10000068,兽人战士,强壮I,OrcSoldier,4,9,1,1,4120-1|4139-1,23,4,924,400,9,3,0.03,1.5,0,0,0,0,13,0,0,0,0,0,150
10000069,远古人类国王,物理抗性III,Leoric,3,3,3,3,4108-1|4004-1|4005-1|,37,13,1470,400,9,3,0.1,1.5,13,0,0,0,25,10,0,0,0,10,150
10000070,绿皮杂耍者,抗性强化I,GoblinReconnoitre,4,1,1,1,4101-1|4129-1,24,6,573,400,6,6,0.03,1.5,8,0,0,0,0,5,5,5,0,5,150
10000071,食尸鬼爪牙,攻击强化I,Ghoul,3,6,1,1,4113-1|4136-1,24,6,614,400,14,3,0.13,1.5,0,0,0,0,15,8,0,0,8,18,150
10000072,兽人战士,强壮I,OrcSoldier,4,9,1,1,4120-1|4139-1,26,4,1039,400,9,3,0.03,1.5,0,0,0,0,15,0,0,0,0,0,150
10000073,剧毒食人花,忽高忽低I,ChomperToxic,3,2,1,1,4104-1|4132-1,37,5,491,400,9,3,0.06,1.5,0,0,15,0,0,0,9,9,0,9,150
10000074,狡黠酋长,抗性强化III,GoblinChief,4,1,3,3,4103-1|4001-1|4002-1|4131-1,45,12,1395,400,7,5,0.09,1.5,14,0,14,0,0,26,26,26,0,26,150
10000075,食尸鬼爪牙,攻击强化I,Ghoul,3,6,1,1,4113-1|4136-1,27,7,681,400,16,4,0.13,1.5,0,0,0,0,16,8,0,0,8,20,150
10000076,兽人战士,强壮I,OrcSoldier,4,9,1,1,4120-1|4139-1,29,5,1154,400,10,4,0.03,1.5,0,0,0,0,16,0,0,0,0,0,150
10000077,剧毒食人花,忽高忽低I,ChomperToxic,3,2,1,1,4104-1|4132-1,42,5,545,400,10,4,0.06,1.5,0,0,16,0,0,0,10,10,0,10,150
10000078,白骨战士,物理抗性I,BonesPuppet,3,3,1,1,4106-1|,25,9,881,400,10,4,0.03,1.5,16,0,0,0,0,0,0,0,0,0,150
10000079,食尸鬼大王,攻击强化III,GhoulLord,4,6,3,3,4115-1|4138-1,50,13,1549,400,10,4,0.4,1.5,0,0,31,0,31,31,0,0,31,38,150
10000080,兽人战士,强壮I,OrcSoldier,4,9,1,1,4120-1|4139-1,30,5,1267,400,10,4,0.03,1.5,0,0,0,0,17,0,0,0,0,0,150
10000081,剧毒食人花,忽高忽低I,ChomperToxic,3,2,1,1,4104-1|4132-1,44,5,599,400,10,4,0.06,1.5,0,0,17,0,0,0,11,11,0,11,150
10000082,白骨战士,物理抗性I,BonesPuppet,3,3,1,1,4106-1|,26,9,968,400,10,4,0.03,1.5,17,0,0,0,0,0,0,0,0,0,150
10000083,绿皮杂耍者,抗性强化I,GoblinReconnoitre,4,1,1,1,4101-1|4129-1,28,7,699,400,7,7,0.03,1.5,9,0,0,0,0,6,6,6,0,6,150
10000084,黑兽人,强壮III,OrcBlack,2,9,3,3,4122-1|4019-1||4141-1,51,15,3739,400,15,5,0.09,1.5,0,0,0,0,32,0,20,20,0,20,150
10000085,远古人类国王,物理抗性III,Leoric,3,3,3,3,4108-1|4004-1|4005-1|,54,18,2199,400,11,4,0.1,1.5,18,0,0,0,35,14,0,0,0,14,150
10000086,狡黠酋长,抗性强化III,GoblinChief,4,1,3,3,4103-1|4001-1|4002-1|4131-1,58,15,1856,400,9,6,0.09,1.5,18,0,18,0,0,33,33,33,0,33,150
10000087,食尸鬼大王,攻击强化III,GhoulLord,4,6,3,3,4115-1|4138-1,58,15,1856,400,11,4,0.4,1.5,0,0,35,0,35,35,0,0,35,44,150
10000088,黑兽人,强壮III,OrcBlack,2,9,3,3,4122-1|4019-1||4141-1,56,17,4078,400,17,6,0.09,1.5,0,0,0,0,35,0,22,22,0,22,150
10000089,地狱守门人[三头犬],领主 火属性强化II,Cerberus,2,15,4,4,4109-1|4006-1|4007-1|,88,16,3517,400,12,4,0.05,2,69,0,0,0,0,64,0,64,0,64,150
10000090,赤红鬼火,火焰抵抗II 物理抗性II,GhostFire,2,4,1,1,4111-1|4134-1,34,9,917,400,18,6,0.03,1.5,21,0,0,0,0,39,0,20,0,20,150
10000091,绿皮杂耍者,抗性强化I,GoblinReconnoitre,4,1,1,1,4101-1|4129-1,34,9,880,400,8,8,0.03,1.5,11,0,0,0,0,7,7,7,0,7,150
10000092,食尸鬼爪牙,攻击强化I,Ghoul,3,6,1,1,4113-1|4136-1,34,9,942,400,20,4,0.13,1.5,0,0,0,0,21,11,0,0,11,26,150
10000093,兽人战士,强壮I,OrcSoldier,4,9,1,1,4120-1|4139-1,38,6,1596,400,12,4,0.03,1.5,0,0,0,0,21,0,0,0,0,0,150
10000094,远古人类国王,物理抗性III,Leoric,3,3,3,3,4108-1|4004-1|4005-1|,61,21,2539,400,12,4,0.1,1.5,20,0,0,0,40,15,0,0,0,15,150
10000095,幽蓝鬼火,黑暗抵抗II 物理抗性II,ghostFire_dark,2,4,1,1,4111-1|4137-1,40,9,1031,400,15,6,0.03,1.5,0,0,0,0,24,0,22,22,0,44,150
10000096,食尸鬼爪牙,攻击强化I,Ghoul,3,6,1,1,4113-1|4136-1,39,10,1044,400,22,5,0.13,1.5,0,0,0,0,24,12,0,0,12,29,150
10000097,兽人战士,强壮I,OrcSoldier,4,9,1,1,4120-1|4139-1,42,6,1768,400,14,5,0.03,1.5,0,0,0,0,24,0,0,0,0,0,150
10000098,剧毒食人花,忽高忽低I,ChomperToxic,3,2,1,1,4104-1|4132-1,60,7,836,400,14,5,0.06,1.5,0,0,24,0,0,0,15,15,0,15,150
10000099,狡黠酋长,抗性强化III,GoblinChief,4,1,3,3,4103-1|4001-1|4002-1|4131-1,73,19,2374,400,11,8,0.09,1.5,23,0,23,0,0,42,42,42,0,42,150
10000100,食尸鬼爪牙,攻击强化I,Ghoul,3,6,1,1,4113-1|4136-1,41,11,1145,400,24,5,0.13,1.5,0,0,0,0,25,13,0,0,13,31,150
10000101,兽人战士,强壮I,OrcSoldier,4,9,1,1,4120-1|4139-1,45,7,1938,400,15,5,0.03,1.5,0,0,0,0,25,0,0,0,0,0,150
10000102,剧毒食人花,忽高忽低I,ChomperToxic,3,2,1,1,4104-1|4132-1,65,8,916,400,15,5,0.06,1.5,0,0,25,0,0,0,16,16,0,16,150
10000103,白骨战士,物理抗性I,BonesPuppet,3,3,1,1,4106-1|,39,13,1480,400,15,5,0.03,1.5,25,0,0,0,0,0,0,0,0,0,150
10000104,食尸鬼大王,攻击强化III,GhoulLord,4,6,3,3,4115-1|4138-1,78,20,2602,400,15,5,0.4,1.5,0,0,48,0,48,48,0,0,48,59,150
10000105,兽人战士,强壮I,OrcSoldier,4,9,1,1,4120-1|4139-1,49,7,2111,400,16,6,0.03,1.5,0,0,0,0,28,0,0,0,0,0,150
10000106,剧毒食人花,忽高忽低I,ChomperToxic,3,2,1,1,4104-1|4132-1,71,8,997,400,16,6,0.06,1.5,0,0,28,0,0,0,17,17,0,17,150
10000107,白骨战士,物理抗性I,BonesPuppet,3,3,1,1,4106-1|,42,14,1612,400,16,6,0.03,1.5,28,0,0,0,0,0,0,0,0,0,150
10000108,绿皮杂耍者,抗性强化I,GoblinReconnoitre,4,1,1,1,4101-1|4129-1,45,12,1164,400,11,11,0.03,1.5,14,0,0,0,0,9,9,9,0,9,150
10000109,黑兽人,强壮III,OrcBlack,2,9,3,3,4122-1|4019-1||4141-1,83,24,6227,400,24,8,0.09,1.5,0,0,0,0,52,0,33,33,0,33,150
10000110,赤红鬼火,火焰抵抗II 物理抗性II,GhostFire,2,4,1,1,4111-1|4134-1,48,12,1310,400,26,9,0.03,1.5,29,0,0,0,0,54,0,27,0,27,150
10000111,白骨战士,物理抗性I,BonesPuppet,3,3,1,1,4106-1|,45,15,1741,400,17,6,0.03,1.5,29,0,0,0,0,0,0,0,0,0,150
10000112,绿皮杂耍者,抗性强化I,GoblinReconnoitre,4,1,1,1,4101-1|4129-1,48,12,1257,400,12,12,0.03,1.5,15,0,0,0,0,9,9,9,0,9,150
10000113,食尸鬼爪牙,攻击强化I,Ghoul,3,6,1,1,4113-1|4136-1,48,12,1346,400,27,6,0.13,1.5,0,0,0,0,29,15,0,0,15,36,150
10000114,远古人类国王,物理抗性III,Leoric,3,3,3,3,4108-1|4004-1|4005-1|,85,29,3627,400,17,6,0.1,1.5,28,0,0,0,55,21,0,0,0,21,150
10000115,幽蓝鬼火,黑暗抵抗II 物理抗性II,ghostFire_dark,2,4,1,1,4111-1|4137-1,50,11,1328,400,18,7,0.03,1.5,0,0,0,0,29,0,27,27,0,54,150
10000116,绿皮杂耍者,抗性强化I,GoblinReconnoitre,4,1,1,1,4101-1|4129-1,48,12,1257,400,12,12,0.03,1.5,15,0,0,0,0,9,9,9,0,9,150
10000117,食尸鬼爪牙,攻击强化I,Ghoul,3,6,1,1,4113-1|4136-1,48,12,1346,400,27,6,0.13,1.5,0,0,0,0,29,15,0,0,15,36,150
10000118,兽人战士,强壮I,OrcSoldier,4,9,1,1,4120-1|4139-1,53,8,2279,400,17,6,0.03,1.5,0,0,0,0,29,0,0,0,0,0,150
10000119,狡黠酋长,抗性强化III,GoblinChief,4,1,3,3,4103-1|4001-1|4002-1|4131-1,91,23,3060,400,14,9,0.09,1.5,28,0,28,0,0,52,52,52,0,52,150
10000120,绿皮杂耍者,抗性强化I,GoblinReconnoitre,4,1,1,1,4101-1|4129-1,52,13,1363,400,12,12,0.03,1.5,16,0,0,0,0,10,10,10,0,10,150
10000121,食尸鬼爪牙,攻击强化I,Ghoul,3,6,1,1,4113-1|4136-1,52,13,1460,400,29,6,0.13,1.5,0,0,0,0,32,16,0,0,16,39,150
10000122,兽人战士,强壮I,OrcSoldier,4,9,1,1,4120-1|4139-1,57,9,2472,400,18,6,0.03,1.5,0,0,0,0,32,0,0,0,0,0,150
10000123,剧毒食人花,忽高忽低I,ChomperToxic,3,2,1,1,4104-1|4132-1,82,10,1168,400,18,6,0.06,1.5,0,0,32,0,0,0,20,20,0,20,150
10000124,食尸鬼大王,攻击强化III,GhoulLord,4,6,3,3,4115-1|4138-1,98,25,3320,400,18,6,0.4,1.5,0,0,60,0,60,60,0,0,60,75,150
10000125,食尸鬼爪牙,攻击强化I,Ghoul,3,6,1,1,4113-1|4136-1,55,14,1574,400,31,7,0.13,1.5,0,0,0,0,33,17,0,0,17,41,150
10000126,兽人战士,强壮I,OrcSoldier,4,9,1,1,4120-1|4139-1,60,9,2664,400,20,7,0.03,1.5,0,0,0,0,33,0,0,0,0,0,150
10000127,剧毒食人花,忽高忽低I,ChomperToxic,3,2,1,1,4104-1|4132-1,86,10,1259,400,20,7,0.06,1.5,0,0,33,0,0,0,21,21,0,21,150
10000128,白骨战士,物理抗性I,BonesPuppet,3,3,1,1,4106-1|,51,17,2035,400,20,7,0.03,1.5,33,0,0,0,0,0,0,0,0,0,150
10000129,黑兽人,强壮III,OrcBlack,2,9,3,3,4122-1|4019-1||4141-1,100,29,7861,400,29,10,0.09,1.5,0,0,0,0,63,0,39,39,0,39,150
10000130,赤红鬼火,火焰抵抗II 物理抗性II,GhostFire,2,4,1,1,4111-1|4134-1,59,15,1641,400,31,11,0.03,1.5,36,0,0,0,0,66,0,33,0,33,150
10000131,剧毒食人花,忽高忽低I,ChomperToxic,3,2,1,1,4104-1|4132-1,92,11,1349,400,21,7,0.06,1.5,0,0,36,0,0,0,22,22,0,22,150
10000132,白骨战士,物理抗性I,BonesPuppet,3,3,1,1,4106-1|,55,19,2180,400,21,7,0.03,1.5,36,0,0,0,0,0,0,0,0,0,150
10000133,绿皮杂耍者,抗性强化I,GoblinReconnoitre,4,1,1,1,4101-1|4129-1,59,15,1574,400,14,14,0.03,1.5,18,0,0,0,0,11,11,11,0,11,150
10000134,远古人类国王,物理抗性III,Leoric,3,3,3,3,4108-1|4004-1|4005-1|,104,35,4542,400,21,7,0.1,1.5,34,0,0,0,67,26,0,0,0,26,150
10000135,幽蓝鬼火,黑暗抵抗II 物理抗性II,ghostFire_dark,2,4,1,1,4111-1|4137-1,64,14,1776,400,24,9,0.03,1.5,0,0,0,0,37,0,35,35,0,69,150
10000136,白骨战士,物理抗性I,BonesPuppet,3,3,1,1,4106-1|,58,20,2328,400,22,8,0.03,1.5,37,0,0,0,0,0,0,0,0,0,150
10000137,绿皮杂耍者,抗性强化I,GoblinReconnoitre,4,1,1,1,4101-1|4129-1,62,16,1680,400,15,15,0.03,1.5,19,0,0,0,0,12,12,12,0,12,150
10000138,食尸鬼爪牙,攻击强化I,Ghoul,3,6,1,1,4113-1|4136-1,62,16,1800,400,35,8,0.13,1.5,0,0,0,0,37,19,0,0,19,46,150
10000139,狡黠酋长,抗性强化III,GoblinChief,4,1,3,3,4103-1|4001-1|4002-1|4131-1,117,30,4092,400,18,12,0.09,1.5,35,0,35,0,0,66,66,66,0,66,150
10000140,白骨精锐,物理抗性II,BonesSoldier,3,3,1,1,4107-1|4003-1||,58,20,2352,400,22,8,0.06,1.5,37,0,0,0,0,5,0,0,0,5,150
10000141,绿皮战士,抗性强化II,GoblinSoldier,4,1,1,1,4102-1|4130-1,62,16,1728,400,16,13,0.06,1.5,19,0,0,0,0,23,23,23,0,23,150
10000142,缝合食尸鬼,攻击强化II,GhoulKing,3,6,2,2,4114-1|4011-1||4137-1,92,23,3159,400,22,8,0.26,1.5,0,0,0,0,56,28,0,0,28,69,150
10000143,血斧兽人,强壮II,OrcAxe,2,9,1,1,4121-1|4018-1||4140-1,64,14,3671,400,22,8,0.06,1.5,0,0,0,0,37,0,12,0,0,12,150
10000144,食尸鬼大王,攻击强化III,GhoulLord,4,6,3,3,4115-1|4138-1,117,30,4092,400,22,8,0.4,1.5,0,0,70,0,70,70,0,0,70,88,150
10000145,绿皮战士,抗性强化II,GoblinSoldier,4,1,1,1,4102-1|4130-1,67,17,1848,400,17,14,0.06,1.5,20,0,0,0,0,25,25,25,0,25,150
10000146,缝合食尸鬼,攻击强化II,GhoulKing,3,6,2,2,4114-1|4011-1||4137-1,100,25,3380,400,23,8,0.26,1.5,0,0,0,0,60,30,0,0,30,75,150
10000147,血斧兽人,强壮II,OrcAxe,2,9,1,1,4121-1|4018-1||4140-1,69,15,3927,400,23,8,0.06,1.5,0,0,0,0,40,0,13,0,0,13,150
10000148,大型变异藤曼,忽高忽低II,ChomperAberrance,3,2,2,2,4105-1|4133-1,188,0,2995,400,23,8,0.09,1.5,0,0,60,0,0,0,57,57,0,57,150
10000149,黑兽人,强壮III,OrcBlack,2,9,3,3,4122-1|4019-1||4141-1,123,36,9618,400,35,12,0.09,1.5,0,0,0,0,76,0,48,48,0,48,150
10000150,赤红鬼火,火焰抵抗II 物理抗性II,GhostFire,2,4,1,1,4111-1|4134-1,71,18,1994,400,36,12,0.03,1.5,43,0,0,0,0,80,0,40,0,40,150
10000151,血斧兽人,强壮II,OrcAxe,2,9,1,1,4121-1|4018-1||4140-1,73,16,4179,400,24,8,0.06,1.5,0,0,0,0,43,0,14,0,0,14,150
10000152,大型变异藤曼,忽高忽低II,ChomperAberrance,3,2,2,2,4105-1|4133-1,199,0,3187,400,24,8,0.09,1.5,0,0,64,0,0,0,60,60,0,60,150
10000153,白骨精锐,物理抗性II,BonesSoldier,3,3,1,1,4107-1|4003-1||,67,23,2677,400,24,8,0.06,1.5,43,0,0,0,0,6,0,0,0,6,150
10000154,远古人类国王,物理抗性III,Leoric,3,3,3,3,4108-1|4004-1|4005-1|,126,42,5520,400,24,8,0.1,1.5,41,0,0,0,81,31,0,0,0,31,150
10000155,幽蓝鬼火,黑暗抵抗II 物理抗性II,ghostFire_dark,2,4,1,1,4111-1|4137-1,78,17,2146,400,27,11,0.03,1.5,0,0,0,0,45,0,42,42,0,84,150
10000156,大型变异藤曼,忽高忽低II,ChomperAberrance,3,2,2,2,4105-1|4133-1,212,0,3383,400,26,9,0.09,1.5,0,0,68,0,0,0,63,63,0,63,150
10000157,白骨精锐,物理抗性II,BonesSoldier,3,3,1,1,4107-1|4003-1||,71,24,2842,400,26,9,0.06,1.5,45,0,0,0,0,6,0,0,0,6,150
10000158,绿皮战士,抗性强化II,GoblinSoldier,4,1,1,1,4102-1|4130-1,76,19,2088,400,19,16,0.06,1.5,23,0,0,0,0,28,28,28,0,28,150
10000159,狡黠酋长,抗性强化III,GoblinChief,4,1,3,3,4103-1|4001-1|4002-1|4131-1,143,36,4944,400,21,14,0.09,1.5,43,0,43,0,0,80,80,80,0,80,150
10000160,大型变异藤曼,忽高忽低II,ChomperAberrance,3,2,2,2,4105-1|4133-1,223,0,3578,400,27,9,0.09,1.5,0,0,71,0,0,0,67,67,0,67,150
10000161,白骨精锐,物理抗性II,BonesSoldier,3,3,1,1,4107-1|4003-1||,75,25,3006,400,27,9,0.06,1.5,48,0,0,0,0,6,0,0,0,6,150
10000162,绿皮战士,抗性强化II,GoblinSoldier,4,1,1,1,4102-1|4130-1,80,20,2208,400,20,16,0.06,1.5,24,0,0,0,0,30,30,30,0,30,150
10000163,缝合食尸鬼,攻击强化II,GhoulKing,3,6,2,2,4114-1|4011-1||4137-1,119,30,4038,400,27,9,0.26,1.5,0,0,0,0,71,36,0,0,36,89,150
10000164,地狱守门人[三头犬],领主 火属性强化II,Cerberus,2,15,4,4,4109-1|4006-1|4007-1|,232,41,9911,400,30,10,0.05,2,177,0,0,0,0,163,0,163,0,163,150
10000165,赤红鬼火,火焰抵抗II 物理抗性II,GhostFire,2,4,1,1,4111-1|4134-1,80,20,2239,400,40,14,0.03,1.5,48,0,0,0,0,89,0,45,0,45,150
10000166,绿皮战士,抗性强化II,GoblinSoldier,4,1,1,1,4102-1|4130-1,80,20,2208,400,20,16,0.06,1.5,24,0,0,0,0,30,30,30,0,30,150
10000167,缝合食尸鬼,攻击强化II,GhoulKing,3,6,2,2,4114-1|4011-1||4137-1,119,30,4038,400,27,9,0.26,1.5,0,0,0,0,71,36,0,0,36,89,150
10000168,血斧兽人,强壮II,OrcAxe,2,9,1,1,4121-1|4018-1||4140-1,82,18,4692,400,27,9,0.06,1.5,0,0,0,0,48,0,15,0,0,15,150
10000169,黑兽人,强壮III,OrcBlack,2,9,3,3,4122-1|4019-1||4141-1,146,43,11491,400,40,14,0.09,1.5,0,0,0,0,90,0,57,57,0,57,150
10000170,幽蓝鬼火,黑暗抵抗II 物理抗性II,ghostFire_dark,2,4,1,1,4111-1|4137-1,88,19,2479,400,30,12,0.03,1.5,0,0,0,0,51,0,48,48,0,95,150
10000171,缝合食尸鬼,攻击强化II,GhoulKing,3,6,2,2,4114-1|4011-1||4137-1,127,32,4411,400,28,10,0.26,1.5,0,0,0,0,76,38,0,0,38,95,150
10000172,血斧兽人,强壮II,OrcAxe,2,9,1,1,4121-1|4018-1||4140-1,88,19,5125,400,28,10,0.06,1.5,0,0,0,0,51,0,16,0,0,16,150
10000173,大型变异藤曼,忽高忽低II,ChomperAberrance,3,2,2,2,4105-1|4133-1,238,0,3908,400,28,10,0.09,1.5,0,0,76,0,0,0,71,71,0,71,150
10000174,远古人类国王,物理抗性III,Leoric,3,3,3,3,4108-1|4004-1|4005-1|,151,51,6770,400,28,10,0.1,1.5,48,0,0,0,96,36,0,0,0,36,150
10000175,缝合食尸鬼,攻击强化II,GhoulKing,3,6,2,2,4114-1|4011-1||4137-1,138,35,4783,400,30,10,0.26,1.5,0,0,0,0,82,41,0,0,41,102,150
10000176,血斧兽人,强壮II,OrcAxe,2,9,1,1,4121-1|4018-1||4140-1,95,21,5557,400,30,10,0.06,1.5,0,0,0,0,55,0,17,0,0,17,150
10000177,大型变异藤曼,忽高忽低II,ChomperAberrance,3,2,2,2,4105-1|4133-1,259,0,4238,400,30,10,0.09,1.5,0,0,82,0,0,0,77,77,0,77,150
10000178,白骨精锐,物理抗性II,BonesSoldier,3,3,1,1,4107-1|4003-1||,87,29,3560,400,30,10,0.06,1.5,55,0,0,0,0,7,0,0,0,7,150
10000179,狡黠酋长,抗性强化III,GoblinChief,4,1,3,3,4103-1|4001-1|4002-1|4131-1,175,44,6194,400,24,16,0.09,1.5,52,0,52,0,0,97,97,97,0,97,150
10000180,赤红鬼火,火焰抵抗II 物理抗性II,GhostFire,2,4,1,1,4111-1|4134-1,98,25,2860,400,49,17,0.03,1.5,58,0,0,0,0,108,0,54,0,54,150
10000181,大型变异藤曼,忽高忽低II,ChomperAberrance,3,2,2,2,4105-1|4133-1,274,0,4571,400,33,11,0.09,1.5,0,0,87,0,0,0,81,81,0,81,150
10000182,白骨精锐,物理抗性II,BonesSoldier,3,3,1,1,4107-1|4003-1||,92,31,3840,400,33,11,0.06,1.5,58,0,0,0,0,8,0,0,0,8,150
10000183,绿皮战士,抗性强化II,GoblinSoldier,4,1,1,1,4102-1|4130-1,98,25,2821,400,24,20,0.06,1.5,29,0,0,0,0,36,36,36,0,36,150
10000184,食尸鬼大王,攻击强化III,GhoulLord,4,6,3,3,4115-1|4138-1,185,47,6681,400,33,11,0.4,1.5,0,0,110,0,110,110,0,0,110,137,150
10000185,幽蓝鬼火,黑暗抵抗II 物理抗性II,ghostFire_dark,2,4,1,1,4111-1|4137-1,106,23,3108,400,36,14,0.03,1.5,0,0,0,0,61,0,57,57,0,114,150
10000186,白骨精锐,物理抗性II,BonesSoldier,3,3,1,1,4107-1|4003-1||,97,33,4116,400,34,12,0.06,1.5,61,0,0,0,0,8,0,0,0,8,150
10000187,绿皮战士,抗性强化II,GoblinSoldier,4,1,1,1,4102-1|4130-1,103,26,3024,400,25,21,0.06,1.5,31,0,0,0,0,38,38,38,0,38,150
10000188,缝合食尸鬼,攻击强化II,GhoulKing,3,6,2,2,4114-1|4011-1||4137-1,154,39,5530,400,34,12,0.26,1.5,0,0,0,0,92,46,0,0,46,114,150
10000189,黑兽人,强壮III,OrcBlack,2,9,3,3,4122-1|4019-1||4141-1,189,55,15739,400,51,17,0.09,1.5,0,0,0,0,116,0,73,73,0,73,150
10000190,赤红鬼火,火焰抵抗II 物理抗性II,GhostFire,2,4,1,1,4111-1|4134-1,103,26,3066,400,51,17,0.03,1.5,61,0,0,0,0,114,0,57,0,57,150
10000191,绿皮战士,抗性强化II,GoblinSoldier,4,1,1,1,4102-1|4130-1,103,26,3024,400,25,21,0.06,1.5,31,0,0,0,0,38,38,38,0,38,150
10000192,缝合食尸鬼,攻击强化II,GhoulKing,3,6,2,2,4114-1|4011-1||4137-1,154,39,5530,400,34,12,0.26,1.5,0,0,0,0,92,46,0,0,46,114,150
10000193,血斧兽人,强壮II,OrcAxe,2,9,1,1,4121-1|4018-1||4140-1,106,23,6426,400,34,12,0.06,1.5,0,0,0,0,61,0,19,0,0,19,150
10000194,黑兽人,强壮III,OrcBlack,2,9,3,3,4122-1|4019-1||4141-1,189,55,15739,400,51,17,0.09,1.5,0,0,0,0,116,0,73,73,0,73,150
10000195,幽蓝鬼火,黑暗抵抗II 物理抗性II,ghostFire_dark,2,4,1,1,4111-1|4137-1,114,25,3339,400,39,15,0.03,1.5,0,0,0,0,65,0,61,61,0,122,150
10000196,缝合食尸鬼,攻击强化II,GhoulKing,3,6,2,2,4114-1|4011-1||4137-1,166,42,5941,400,36,12,0.26,1.5,0,0,0,0,98,49,0,0,49,122,150
10000197,血斧兽人,强壮II,OrcAxe,2,9,1,1,4121-1|4018-1||4140-1,114,25,6904,400,36,12,0.06,1.5,0,0,0,0,65,0,21,0,0,21,150
10000198,大型变异藤曼,忽高忽低II,ChomperAberrance,3,2,2,2,4105-1|4133-1,310,0,5264,400,36,12,0.09,1.5,0,0,98,0,0,0,92,92,0,92,150
10000199,迷宫守卫,攻击强化III,Tauren,2,5,3,3,4112-1|4010-1||4145-1,392,98,7125,400,54,18,0.15,1.75,0,0,0,62,0,0,77,77,77,0,150
10000200,缝合食尸鬼,攻击强化II,GhoulKing,3,6,2,2,4114-1|4011-1||4137-1,174,44,6350,400,39,13,0.26,1.5,0,0,0,0,102,51,0,0,51,128,150
10000201,血斧兽人,强壮II,OrcAxe,2,9,1,1,4121-1|4018-1||4140-1,120,26,7379,400,39,13,0.06,1.5,0,0,0,0,68,0,22,0,0,22,150
10000202,大型变异藤曼,忽高忽低II,ChomperAberrance,3,2,2,2,4105-1|4133-1,325,0,5627,400,39,13,0.09,1.5,0,0,102,0,0,0,96,96,0,96,150
10000203,白骨精锐,物理抗性II,BonesSoldier,3,3,1,1,4107-1|4003-1||,109,37,4726,400,39,13,0.06,1.5,68,0,0,0,0,9,0,0,0,9,150
10000204,迷宫守卫,攻击强化III,Tauren,2,5,3,3,4112-1|4010-1||4145-1,412,103,7615,400,58,20,0.15,1.75,0,0,0,65,0,0,81,81,81,0,150
10000205,赤红鬼火,火焰抵抗II 物理抗性II,GhostFire,2,4,1,1,4111-1|4134-1,123,31,3749,400,60,20,0.03,1.5,72,0,0,0,0,135,0,68,0,68,150
10000206,大型变异藤曼,忽高忽低II,ChomperAberrance,3,2,2,2,4105-1|4133-1,344,0,5991,400,40,14,0.09,1.5,0,0,108,0,0,0,102,102,0,102,150
10000207,白骨精锐,物理抗性II,BonesSoldier,3,3,1,1,4107-1|4003-1||,115,39,5032,400,40,14,0.06,1.5,72,0,0,0,0,9,0,0,0,9,150
10000208,绿皮战士,抗性强化II,GoblinSoldier,4,1,1,1,4102-1|4130-1,123,31,3697,400,30,24,0.06,1.5,36,0,0,0,0,45,45,45,0,45,150
10000209,迷宫守卫,攻击强化III,Tauren,2,5,3,3,4112-1|4010-1||4145-1,436,109,8107,400,60,20,0.15,1.75,0,0,0,69,0,0,86,86,86,0,150
10000210,幽蓝鬼火,黑暗抵抗II 物理抗性II,ghostFire_dark,2,4,1,1,4111-1|4137-1,134,29,4031,400,45,17,0.03,1.5,0,0,0,0,76,0,72,72,0,143,150
10000211,白骨精锐,物理抗性II,BonesSoldier,3,3,1,1,4107-1|4003-1||,121,41,5339,400,42,14,0.06,1.5,76,0,0,0,0,10,0,0,0,10,150
10000212,绿皮战士,抗性强化II,GoblinSoldier,4,1,1,1,4102-1|4130-1,130,33,3922,400,31,26,0.06,1.5,38,0,0,0,0,48,48,48,0,48,150
10000213,缝合食尸鬼,攻击强化II,GhoulKing,3,6,2,2,4114-1|4011-1||4137-1,194,49,7173,400,42,14,0.26,1.5,0,0,0,0,114,57,0,0,57,143,150
10000214,宝藏看守者[黑龙],领主 火属性强化II,Dragon,2,16,4,4,4110-1|4008-1|4009-1|,400,45,17780,400,47,16,0.05,2,285,0,0,0,0,262,0,262,0,262,150
10000215,食尸鬼爪牙,攻击强化I,Ghoul,3,6,1,1,4113-1|4136-1,145,37,4568,401,75,16,0.13,1.5,0,0,0,0,85,43,0,0,43,106,150
10000216,兽人战士,强壮I,OrcSoldier,4,9,1,1,4120-1|4139-1,159,23,7734,402,47,16,0.03,1.5,0,0,0,0,85,0,0,0,0,0,150
10000217,剧毒食人花,忽高忽低I,ChomperToxic,3,2,1,1,4104-1|4132-1,229,26,3654,403,47,16,0.06,1.5,0,0,85,0,0,0,53,53,0,53,150
10000218,赤红鬼火,火焰抵抗II 物理抗性II,GhostFire,2,4,1,1,4111-1|4134-1,145,37,4446,404,71,24,0.03,1.5,85,0,0,0,0,159,0,80,0,80,150
10000219,食尸鬼大王,攻击强化III,GhoulLord,4,6,3,3,4115-1|4138-1,276,69,10385,404,47,16,0.4,1.5,0,0,162,0,162,162,0,0,162,202,150
10000220,兽人战士,强壮I,OrcSoldier,4,9,1,1,4120-1|4139-1,167,24,8216,405,50,17,0.03,1.5,0,0,0,0,89,0,0,0,0,0,150
10000221,剧毒食人花,忽高忽低I,ChomperToxic,3,2,1,1,4104-1|4132-1,240,27,3882,406,50,17,0.06,1.5,0,0,89,0,0,0,56,56,0,56,150
10000222,赤红鬼火,火焰抵抗II 物理抗性II,GhostFire,2,4,1,1,4111-1|4134-1,152,38,4723,407,74,25,0.03,1.5,89,0,0,0,0,167,0,84,0,84,150
10000223,蓝史莱姆,忽高忽低III,SlimeBlue,4,8,1,1,4118-1|4016-1||4142-1,475,0,3429,408,50,17,0.03,1.5,0,89,0,0,0,0,89,89,89,0,150
10000224,黑兽人,强壮III,OrcBlack,2,9,3,3,4122-1|4019-1||4141-1,280,82,24241,408,74,25,0.09,1.5,0,0,0,0,169,0,106,106,0,106,150
10000225,剧毒食人花,忽高忽低I,ChomperToxic,3,2,1,1,4104-1|4132-1,252,28,4110,409,53,18,0.06,1.5,0,0,94,0,0,0,59,59,0,59,150
10000226,赤红鬼火,火焰抵抗II 物理抗性II,GhostFire,2,4,1,1,4111-1|4134-1,160,40,5000,410,80,27,0.03,1.5,94,0,0,0,0,176,0,88,0,88,150
10000227,蓝史莱姆,忽高忽低III,SlimeBlue,4,8,1,1,4118-1|4016-1||4142-1,500,0,3630,411,53,18,0.03,1.5,0,94,0,0,0,0,94,94,94,0,150
10000228,食尸鬼爪牙,攻击强化I,Ghoul,3,6,1,1,4113-1|4136-1,160,40,5137,412,85,18,0.13,1.5,0,0,0,0,94,47,0,0,47,117,150
10000229,迷宫守卫,攻击强化III,Tauren,2,5,3,3,4112-1|4010-1||4145-1,570,143,10814,412,80,27,0.15,1.75,0,0,0,89,0,0,112,112,112,0,150
10000230,赤红鬼火,火焰抵抗II 物理抗性II,GhostFire,2,4,1,1,4111-1|4134-1,169,43,5277,413,83,28,0.03,1.5,99,0,0,0,0,185,0,93,0,93,150
10000231,蓝史莱姆,忽高忽低III,SlimeBlue,4,8,1,1,4118-1|4016-1||4142-1,526,0,3831,414,56,19,0.03,1.5,0,99,0,0,0,0,99,99,99,0,150
10000232,食尸鬼爪牙,攻击强化I,Ghoul,3,6,1,1,4113-1|4136-1,169,43,5421,415,89,19,0.13,1.5,0,0,0,0,99,50,0,0,50,123,150
10000233,兽人战士,强壮I,OrcSoldier,4,9,1,1,4120-1|4139-1,184,27,9180,416,56,19,0.03,1.5,0,0,0,0,99,0,0,0,0,0,150
10000234,致死美杜莎,抗性强化III 毒属性攻击强化III,Medusa,2,11,3,3,4124-1|4021-1||4144-1,300,100,11870,416,56,19,0.15,1.75,0,0,281,0,0,234,234,234,234,234,150
10000235,蓝史莱姆,忽高忽低III,SlimeBlue,4,8,1,1,4118-1|4016-1||4142-1,551,0,4032,417,58,20,0.03,1.5,0,103,0,0,0,0,103,103,103,0,150
10000236,食尸鬼爪牙,攻击强化I,Ghoul,3,6,1,1,4113-1|4136-1,177,45,5706,418,93,20,0.13,1.5,0,0,0,0,103,52,0,0,52,128,150
10000237,兽人战士,强壮I,OrcSoldier,4,9,1,1,4120-1|4139-1,193,28,9662,419,58,20,0.03,1.5,0,0,0,0,103,0,0,0,0,0,150
10000238,剧毒食人花,忽高忽低I,ChomperToxic,3,2,1,1,4104-1|4132-1,278,31,4565,420,58,20,0.06,1.5,0,0,103,0,0,0,64,64,0,64,150
10000239,魅惑魔女,冰属性攻击强化III,Harpy,4,7,3,3,4116-1|4012-1|4013-1|4145-1,471,157,12012,420,58,20,0.15,1.75,0,292,0,0,0,0,195,195,195,0,150
10000240,食尸鬼爪牙,攻击强化I,Ghoul,3,6,1,1,4113-1|4136-1,177,45,5706,421,93,20,0.13,1.5,0,0,0,0,103,52,0,0,52,128,150
10000241,兽人战士,强壮I,OrcSoldier,4,9,1,1,4120-1|4139-1,193,28,9662,422,58,20,0.03,1.5,0,0,0,0,103,0,0,0,0,0,150
10000242,剧毒食人花,忽高忽低I,ChomperToxic,3,2,1,1,4104-1|4132-1,278,31,4565,423,58,20,0.06,1.5,0,0,103,0,0,0,64,64,0,64,150
10000243,赤红鬼火,火焰抵抗II 物理抗性II,GhostFire,2,4,1,1,4111-1|4134-1,177,45,5554,424,87,29,0.03,1.5,103,0,0,0,0,192,0,96,0,96,150
10000244,食尸鬼大王,攻击强化III,GhoulLord,4,6,3,3,4115-1|4138-1,335,84,12973,424,58,20,0.4,1.5,0,0,195,0,195,195,0,0,195,244,150
10000245,兽人战士,强壮I,OrcSoldier,4,9,1,1,4120-1|4139-1,202,29,10186,425,60,20,0.03,1.5,0,0,0,0,108,0,0,0,0,0,150
10000246,剧毒食人花,忽高忽低I,ChomperToxic,3,2,1,1,4104-1|4132-1,291,33,4812,426,60,20,0.06,1.5,0,0,108,0,0,0,67,67,0,67,150
10000247,赤红鬼火,火焰抵抗II 物理抗性II,GhostFire,2,4,1,1,4111-1|4134-1,185,47,5855,427,90,30,0.03,1.5,108,0,0,0,0,201,0,101,0,101,150
10000248,蓝史莱姆,忽高忽低III,SlimeBlue,4,8,1,1,4118-1|4016-1||4142-1,577,0,4251,428,60,20,0.03,1.5,0,108,0,0,0,0,108,108,108,0,150
10000249,黑兽人,强壮III,OrcBlack,2,9,3,3,4122-1|4019-1||4141-1,340,99,30054,428,90,30,0.09,1.5,0,0,0,0,204,0,128,128,0,128,150
10000250,剧毒食人花,忽高忽低I,ChomperToxic,3,2,1,1,4104-1|4132-1,304,34,5060,429,63,21,0.06,1.5,0,0,112,0,0,0,70,70,0,70,150
10000251,赤红鬼火,火焰抵抗II 物理抗性II,GhostFire,2,4,1,1,4111-1|4134-1,193,49,6156,430,94,32,0.03,1.5,112,0,0,0,0,210,0,105,0,105,150
10000252,蓝史莱姆,忽高忽低III,SlimeBlue,4,8,1,1,4118-1|4016-1||4142-1,603,0,4469,431,63,21,0.03,1.5,0,112,0,0,0,0,112,112,112,0,150
10000253,食尸鬼爪牙,攻击强化I,Ghoul,3,6,1,1,4113-1|4136-1,193,49,6324,432,100,21,0.13,1.5,0,0,0,0,112,56,0,0,56,140,150
10000254,迷宫守卫,攻击强化III,Tauren,2,5,3,3,4112-1|4010-1||4145-1,687,172,13314,432,94,32,0.15,1.75,0,0,0,107,0,0,133,133,133,0,150
10000255,赤红鬼火,火焰抵抗II 物理抗性II,GhostFire,2,4,1,1,4111-1|4134-1,204,51,6455,433,98,33,0.03,1.5,118,0,0,0,0,221,0,111,0,111,150
10000256,蓝史莱姆,忽高忽低III,SlimeBlue,4,8,1,1,4118-1|4016-1||4142-1,637,0,4687,434,65,22,0.03,1.5,0,118,0,0,0,0,118,118,118,0,150
10000257,食尸鬼爪牙,攻击强化I,Ghoul,3,6,1,1,4113-1|4136-1,204,51,6632,435,104,22,0.13,1.5,0,0,0,0,118,59,0,0,59,147,150
10000258,兽人战士,强壮I,OrcSoldier,4,9,1,1,4120-1|4139-1,223,32,11230,436,65,22,0.03,1.5,0,0,0,0,118,0,0,0,0,0,150
10000259,致死美杜莎,抗性强化III 毒属性攻击强化III,Medusa,2,11,3,3,4124-1|4021-1||4144-1,364,122,14521,436,65,22,0.15,1.75,0,0,336,0,0,280,280,280,280,280,150
10000260,蓝史莱姆,忽高忽低III,SlimeBlue,4,8,1,1,4118-1|4016-1||4142-1,663,0,4905,437,68,23,0.03,1.5,0,123,0,0,0,0,123,123,123,0,150
10000261,食尸鬼爪牙,攻击强化I,Ghoul,3,6,1,1,4113-1|4136-1,213,54,6941,438,108,23,0.13,1.5,0,0,0,0,123,62,0,0,62,153,150
10000262,兽人战士,强壮I,OrcSoldier,4,9,1,1,4120-1|4139-1,233,34,11754,439,68,23,0.03,1.5,0,0,0,0,123,0,0,0,0,0,150
10000263,剧毒食人花,忽高忽低I,ChomperToxic,3,2,1,1,4104-1|4132-1,335,38,5553,440,68,23,0.06,1.5,0,0,123,0,0,0,77,77,0,77,150
10000264,地狱守门人[三头犬],领主 火属性强化II,Cerberus,2,15,4,4,4109-1|4006-1|4007-1|,620,110,29911,440,74,25,0.05,2,459,0,0,0,0,421,0,421,0,421,150
10000265,缝合食尸鬼,攻击强化II,GhoulKing,3,6,2,2,4114-1|4011-1||4137-1,319,80,12185,441,68,23,0.26,1.5,0,0,0,0,184,92,0,0,92,230,150
10000266,血斧兽人,强壮II,OrcAxe,2,9,1,1,4121-1|4018-1||4140-1,219,47,14160,442,68,23,0.06,1.5,0,0,0,0,123,0,39,0,0,39,150
10000267,大型变异藤曼,忽高忽低II,ChomperAberrance,3,2,2,2,4105-1|4133-1,597,0,10797,443,68,23,0.09,1.5,0,0,184,0,0,0,173,173,0,173,150
10000268,幽蓝鬼火,黑暗抵抗II 物理抗性II,ghostFire_dark,2,4,1,1,4111-1|4137-1,219,47,6849,444,72,27,0.03,1.5,0,0,0,0,123,0,115,115,0,230,150
10000269,食尸鬼大王,攻击强化III,GhoulLord,4,6,3,3,4115-1|4138-1,404,101,15782,444,68,23,0.4,1.5,0,0,233,0,233,233,0,0,233,291,150
10000270,血斧兽人,强壮II,OrcAxe,2,9,1,1,4121-1|4018-1||4140-1,228,49,14838,445,71,24,0.06,1.5,0,0,0,0,128,0,40,0,0,40,150
10000271,大型变异藤曼,忽高忽低II,ChomperAberrance,3,2,2,2,4105-1|4133-1,621,0,11314,446,71,24,0.09,1.5,0,0,191,0,0,0,179,179,0,179,150
10000272,幽蓝鬼火,黑暗抵抗II 物理抗性II,ghostFire_dark,2,4,1,1,4111-1|4137-1,228,49,7177,447,76,29,0.03,1.5,0,0,0,0,128,0,120,120,0,239,150
10000273,紫史莱姆,忽高忽低III,SlimePurple,4,8,2,2,4119-1|4017-1||4137-1,1013,21,8728,448,71,24,0.03,1.5,0,0,0,0,191,0,191,0,191,191,150
10000274,黑兽人,强壮III,OrcBlack,2,9,3,3,4122-1|4019-1||4141-1,406,118,36341,448,107,36,0.09,1.5,0,0,0,0,242,0,152,152,0,152,150
10000275,大型变异藤曼,忽高忽低II,ChomperAberrance,3,2,2,2,4105-1|4133-1,652,0,11830,449,74,25,0.09,1.5,0,0,200,0,0,0,187,187,0,187,150
10000276,幽蓝鬼火,黑暗抵抗II 物理抗性II,ghostFire_dark,2,4,1,1,4111-1|4137-1,240,51,7504,450,79,30,0.03,1.5,0,0,0,0,133,0,125,125,0,249,150
10000277,紫史莱姆,忽高忽低III,SlimePurple,4,8,2,2,4119-1|4017-1||4137-1,1065,22,9126,451,74,25,0.03,1.5,0,0,0,0,200,0,200,0,200,200,150
10000278,缝合食尸鬼,攻击强化II,GhoulKing,3,6,2,2,4114-1|4011-1||4137-1,348,87,13351,452,74,25,0.26,1.5,0,0,0,0,200,100,0,0,100,249,150
10000279,迷宫守卫,攻击强化III,Tauren,2,5,3,3,4112-1|4010-1||4145-1,826,207,16011,452,110,37,0.15,1.75,0,0,0,127,0,0,158,158,158,0,150
10000280,幽蓝鬼火,黑暗抵抗II 物理抗性II,ghostFire_dark,2,4,1,1,4111-1|4137-1,248,53,7831,453,81,31,0.03,1.5,0,0,0,0,138,0,129,129,0,258,150
10000281,紫史莱姆,忽高忽低III,SlimePurple,4,8,2,2,4119-1|4017-1||4137-1,1104,23,9525,454,76,26,0.03,1.5,0,0,0,0,207,0,207,0,207,207,150
10000282,缝合食尸鬼,攻击强化II,GhoulKing,3,6,2,2,4114-1|4011-1||4137-1,361,91,13934,455,76,26,0.26,1.5,0,0,0,0,207,104,0,0,104,258,150
10000283,血斧兽人,强壮II,OrcAxe,2,9,1,1,4121-1|4018-1||4140-1,248,53,16192,456,76,26,0.06,1.5,0,0,0,0,138,0,43,0,0,43,150
10000284,致死美杜莎,抗性强化III 毒属性攻击强化III,Medusa,2,11,3,3,4124-1|4021-1||4144-1,428,143,17378,456,76,26,0.15,1.75,0,0,393,0,0,327,327,327,327,327,150
10000285,幽蓝鬼火,黑暗抵抗II 物理抗性II,ghostFire_dark,2,4,1,1,4111-1|4137-1,257,55,8159,457,84,32,0.03,1.5,0,0,0,0,143,0,134,134,0,267,150
10000286,紫史莱姆,忽高忽低III,SlimePurple,4,8,2,2,4119-1|4017-1||4137-1,1142,24,9924,458,78,26,0.03,1.5,0,0,0,0,214,0,214,0,214,214,150
10000287,缝合食尸鬼,攻击强化II,GhoulKing,3,6,2,2,4114-1|4011-1||4137-1,373,94,14518,459,78,26,0.26,1.5,0,0,0,0,214,107,0,0,107,267,150
10000288,血斧兽人,强壮II,OrcAxe,2,9,1,1,4121-1|4018-1||4140-1,257,55,16870,460,78,26,0.06,1.5,0,0,0,0,143,0,45,0,0,45,150
10000289,魅惑魔女,冰属性攻击强化III,Harpy,4,7,3,3,4116-1|4012-1|4013-1|4145-1,665,222,17409,460,78,26,0.15,1.75,0,406,0,0,0,0,271,271,271,0,150
10000290,缝合食尸鬼,攻击强化II,GhoulKing,3,6,2,2,4114-1|4011-1||4137-1,373,94,14518,461,78,26,0.26,1.5,0,0,0,0,214,107,0,0,107,267,150
10000291,血斧兽人,强壮II,OrcAxe,2,9,1,1,4121-1|4018-1||4140-1,257,55,16870,462,78,26,0.06,1.5,0,0,0,0,143,0,45,0,0,45,150
10000292,大型变异藤曼,忽高忽低II,ChomperAberrance,3,2,2,2,4105-1|4133-1,699,0,12864,463,78,26,0.09,1.5,0,0,214,0,0,0,201,201,0,201,150
10000293,幽蓝鬼火,黑暗抵抗II 物理抗性II,ghostFire_dark,2,4,1,1,4111-1|4137-1,257,55,8159,464,84,32,0.03,1.5,0,0,0,0,143,0,134,134,0,267,150
10000294,食尸鬼大王,攻击强化III,GhoulLord,4,6,3,3,4115-1|4138-1,473,119,18802,464,78,26,0.4,1.5,0,0,271,0,271,271,0,0,271,339,150
10000295,血斧兽人,强壮II,OrcAxe,2,9,1,1,4121-1|4018-1||4140-1,269,57,17593,465,82,28,0.06,1.5,0,0,0,0,148,0,47,0,0,47,150
10000296,大型变异藤曼,忽高忽低II,ChomperAberrance,3,2,2,2,4105-1|4133-1,732,0,13415,466,82,28,0.09,1.5,0,0,222,0,0,0,209,209,0,209,150
10000297,幽蓝鬼火,黑暗抵抗II 物理抗性II,ghostFire_dark,2,4,1,1,4111-1|4137-1,269,57,8509,467,88,33,0.03,1.5,0,0,0,0,148,0,139,139,0,278,150
10000298,紫史莱姆,忽高忽低III,SlimePurple,4,8,2,2,4119-1|4017-1||4137-1,1195,25,10349,468,82,28,0.03,1.5,0,0,0,0,222,0,222,0,222,222,150
10000299,黑兽人,强壮III,OrcBlack,2,9,3,3,4122-1|4019-1||4141-1,479,139,43089,468,123,41,0.09,1.5,0,0,0,0,282,0,176,176,0,176,150
10000300,大型变异藤曼,忽高忽低II,ChomperAberrance,3,2,2,2,4105-1|4133-1,760,0,13967,469,86,29,0.09,1.5,0,0,231,0,0,0,216,216,0,216,150
10000301,幽蓝鬼火,黑暗抵抗II 物理抗性II,ghostFire_dark,2,4,1,1,4111-1|4137-1,279,60,8859,470,91,35,0.03,1.5,0,0,0,0,154,0,144,144,0,288,150
10000302,紫史莱姆,忽高忽低III,SlimePurple,4,8,2,2,4119-1|4017-1||4137-1,1241,26,10775,471,86,29,0.03,1.5,0,0,0,0,231,0,231,0,231,231,150
10000303,缝合食尸鬼,攻击强化II,GhoulKing,3,6,2,2,4114-1|4011-1||4137-1,405,102,15763,472,86,29,0.26,1.5,0,0,0,0,231,116,0,0,116,288,150
10000304,迷宫守卫,攻击强化III,Tauren,2,5,3,3,4112-1|4010-1||4145-1,962,241,18902,472,128,43,0.15,1.75,0,0,0,146,0,0,183,183,183,0,150
10000305,幽蓝鬼火,黑暗抵抗II 物理抗性II,ghostFire_dark,2,4,1,1,4111-1|4137-1,290,62,9211,473,94,36,0.03,1.5,0,0,0,0,160,0,150,150,0,300,150
10000306,紫史莱姆,忽高忽低III,SlimePurple,4,8,2,2,4119-1|4017-1||4137-1,1292,27,11203,474,88,30,0.03,1.5,0,0,0,0,240,0,240,0,240,240,150
10000307,缝合食尸鬼,攻击强化II,GhoulKing,3,6,2,2,4114-1|4011-1||4137-1,422,106,16389,475,88,30,0.26,1.5,0,0,0,0,240,120,0,0,120,300,150
10000308,血斧兽人,强壮II,OrcAxe,2,9,1,1,4121-1|4018-1||4140-1,290,62,19045,476,88,30,0.06,1.5,0,0,0,0,160,0,50,0,0,50,150
10000309,致死美杜莎,抗性强化III 毒属性攻击强化III,Medusa,2,11,3,3,4124-1|4021-1||4144-1,501,167,20440,476,88,30,0.15,1.75,0,0,456,0,0,380,380,380,380,380,150
10000310,幽蓝鬼火,黑暗抵抗II 物理抗性II,ghostFire_dark,2,4,1,1,4111-1|4137-1,301,64,9561,477,98,37,0.03,1.5,0,0,0,0,166,0,156,156,0,311,150
10000311,紫史莱姆,忽高忽低III,SlimePurple,4,8,2,2,4119-1|4017-1||4137-1,1337,28,11628,478,92,31,0.03,1.5,0,0,0,0,249,0,249,0,249,249,150
10000312,缝合食尸鬼,攻击强化II,GhoulKing,3,6,2,2,4114-1|4011-1||4137-1,437,110,17012,479,92,31,0.26,1.5,0,0,0,0,249,125,0,0,125,311,150
10000313,血斧兽人,强壮II,OrcAxe,2,9,1,1,4121-1|4018-1||4140-1,301,64,19768,480,92,31,0.06,1.5,0,0,0,0,166,0,52,0,0,52,150
10000314,宝藏看守者[黑龙],领主 火属性强化II,Dragon,2,16,4,4,4110-1|4008-1|4009-1|,901,101,42171,480,101,34,0.05,2,621,0,0,0,0,570,0,570,0,570,150
10000315,缝合食尸鬼,攻击强化II,GhoulKing,3,6,2,2,4114-1|4011-1||4137-1,440,110,17012,481,92,31,0.26,1.5,0,0,0,0,249,125,0,0,125,311,150
10000316,血斧兽人,强壮II,OrcAxe,2,9,1,1,4121-1|4018-1||4140-1,303,65,19768,482,92,31,0.06,1.5,0,0,0,0,166,0,52,0,0,52,150
10000317,大型变异藤曼,忽高忽低II,ChomperAberrance,3,2,2,2,4105-1|4133-1,825,0,15074,483,92,31,0.09,1.5,0,0,249,0,0,0,233,233,0,233,150
10000318,幽蓝鬼火,黑暗抵抗II 物理抗性II,ghostFire_dark,2,4,1,1,4111-1|4137-1,303,65,9561,484,98,37,0.03,1.5,0,0,0,0,166,0,156,156,0,311,150
10000319,食尸鬼大王,攻击强化III,GhoulLord,4,6,3,3,4115-1|4138-1,557,140,22032,484,92,31,0.4,1.5,0,0,315,0,315,315,0,0,315,394,150
10000320,血斧兽人,强壮II,OrcAxe,2,9,1,1,4121-1|4018-1||4140-1,316,67,20914,485,95,32,0.06,1.5,0,0,0,0,173,0,54,0,0,54,150
10000321,大型变异藤曼,忽高忽低II,ChomperAberrance,3,2,2,2,4105-1|4133-1,861,0,15947,486,95,32,0.09,1.5,0,0,260,0,0,0,243,243,0,243,150
10000322,幽蓝鬼火,黑暗抵抗II 物理抗性II,ghostFire_dark,2,4,1,1,4111-1|4137-1,316,67,10115,487,102,38,0.03,1.5,0,0,0,0,173,0,162,162,0,324,150
10000323,紫史莱姆,忽高忽低III,SlimePurple,4,8,2,2,4119-1|4017-1||4137-1,1405,29,12302,488,95,32,0.03,1.5,0,0,0,0,260,0,260,0,260,260,150
10000324,黑兽人,强壮III,OrcBlack,2,9,3,3,4122-1|4019-1||4141-1,563,164,51223,488,143,48,0.09,1.5,0,0,0,0,329,0,206,206,0,206,150
10000325,大型变异藤曼,忽高忽低II,ChomperAberrance,3,2,2,2,4105-1|4133-1,897,0,16818,489,99,33,0.09,1.5,0,0,270,0,0,0,254,254,0,254,150
10000326,幽蓝鬼火,黑暗抵抗II 物理抗性II,ghostFire_dark,2,4,1,1,4111-1|4137-1,329,70,10668,490,105,40,0.03,1.5,0,0,0,0,180,0,169,169,0,338,150
10000327,紫史莱姆,忽高忽低III,SlimePurple,4,8,2,2,4119-1|4017-1||4137-1,1464,30,12974,491,99,33,0.03,1.5,0,0,0,0,270,0,270,0,270,270,150
10000328,缝合食尸鬼,攻击强化II,GhoulKing,3,6,2,2,4114-1|4011-1||4137-1,478,120,18981,492,99,33,0.26,1.5,0,0,0,0,270,135,0,0,135,338,150
10000329,迷宫守卫,攻击强化III,Tauren,2,5,3,3,4112-1|4010-1||4145-1,1135,284,22761,492,148,50,0.15,1.75,0,0,0,171,0,0,214,214,214,0,150
10000330,幽蓝鬼火,黑暗抵抗II 物理抗性II,ghostFire_dark,2,4,1,1,4111-1|4137-1,344,73,11222,493,111,42,0.03,1.5,0,0,0,0,188,0,177,177,0,353,150
10000331,紫史莱姆,忽高忽低III,SlimePurple,4,8,2,2,4119-1|4017-1||4137-1,1529,32,13648,494,104,35,0.03,1.5,0,0,0,0,282,0,282,0,282,282,150
10000332,缝合食尸鬼,攻击强化II,GhoulKing,3,6,2,2,4114-1|4011-1||4137-1,500,125,19966,495,104,35,0.26,1.5,0,0,0,0,282,141,0,0,141,353,150
10000333,血斧兽人,强壮II,OrcAxe,2,9,1,1,4121-1|4018-1||4140-1,344,73,23201,496,104,35,0.06,1.5,0,0,0,0,188,0,59,0,0,59,150
10000334,致死美杜莎,抗性强化III 毒属性攻击强化III,Medusa,2,11,3,3,4124-1|4021-1||4144-1,593,198,24901,496,104,35,0.15,1.75,0,0,536,0,0,447,447,447,447,447,150
10000335,幽蓝鬼火,黑暗抵抗II 物理抗性II,ghostFire_dark,2,4,1,1,4111-1|4137-1,359,77,11776,497,114,43,0.03,1.5,0,0,0,0,196,0,183,183,0,366,150
10000336,紫史莱姆,忽高忽低III,SlimePurple,4,8,2,2,4119-1|4017-1||4137-1,1599,33,14322,498,107,36,0.03,1.5,0,0,0,0,293,0,293,0,293,293,150
10000337,缝合食尸鬼,攻击强化II,GhoulKing,3,6,2,2,4114-1|4011-1||4137-1,522,131,20952,499,107,36,0.26,1.5,0,0,0,0,293,147,0,0,147,366,150
10000338,血斧兽人,强壮II,OrcAxe,2,9,1,1,4121-1|4018-1||4140-1,359,77,24347,500,107,36,0.06,1.5,0,0,0,0,196,0,61,0,0,61,150
10000339,魅惑魔女,冰属性攻击强化III,Harpy,4,7,3,3,4116-1|4012-1|4013-1|4145-1,930,310,25126,500,107,36,0.15,1.75,0,557,0,0,0,0,371,371,371,0,150
10000340,缝合食尸鬼,攻击强化II,GhoulKing,3,6,2,2,4114-1|4011-1||4137-1,522,131,20952,501,107,36,0.26,1.5,0,0,0,0,293,147,0,0,147,366,150
10000341,血斧兽人,强壮II,OrcAxe,2,9,1,1,4121-1|4018-1||4140-1,359,77,24347,502,107,36,0.06,1.5,0,0,0,0,196,0,61,0,0,61,150
10000342,大型变异藤曼,忽高忽低II,ChomperAberrance,3,2,2,2,4105-1|4133-1,979,0,18565,503,107,36,0.09,1.5,0,0,293,0,0,0,275,275,0,275,150
10000343,幽蓝鬼火,黑暗抵抗II 物理抗性II,ghostFire_dark,2,4,1,1,4111-1|4137-1,359,77,11776,504,114,43,0.03,1.5,0,0,0,0,196,0,183,183,0,366,150
10000344,食尸鬼大王,攻击强化III,GhoulLord,4,6,3,3,4115-1|4138-1,662,166,27136,504,107,36,0.4,1.5,0,0,371,0,371,371,0,0,371,464,150
10000345,血斧兽人,强壮II,OrcAxe,2,9,1,1,4121-1|4018-1||4140-1,374,80,25571,505,112,38,0.06,1.5,0,0,0,0,204,0,64,0,0,64,150
10000346,大型变异藤曼,忽高忽低II,ChomperAberrance,3,2,2,2,4105-1|4133-1,1019,0,19499,506,112,38,0.09,1.5,0,0,305,0,0,0,286,286,0,286,150
10000347,幽蓝鬼火,黑暗抵抗II 物理抗性II,ghostFire_dark,2,4,1,1,4111-1|4137-1,374,80,12368,507,120,45,0.03,1.5,0,0,0,0,204,0,191,191,0,381,150
10000348,紫史莱姆,忽高忽低III,SlimePurple,4,8,2,2,4119-1|4017-1||4137-1,1664,34,15042,508,112,38,0.03,1.5,0,0,0,0,305,0,305,0,305,305,150
10000349,黑兽人,强壮III,OrcBlack,2,9,3,3,4122-1|4019-1||4141-1,667,194,62630,508,168,56,0.09,1.5,0,0,0,0,387,0,242,242,0,242,150
10000350,大型变异藤曼,忽高忽低II,ChomperAberrance,3,2,2,2,4105-1|4133-1,1063,0,20434,509,116,39,0.09,1.5,0,0,318,0,0,0,299,299,0,299,150
10000351,幽蓝鬼火,黑暗抵抗II 物理抗性II,ghostFire_dark,2,4,1,1,4111-1|4137-1,390,83,12961,510,123,47,0.03,1.5,0,0,0,0,212,0,199,199,0,398,150
10000352,紫史莱姆,忽高忽低III,SlimePurple,4,8,2,2,4119-1|4017-1||4137-1,1736,36,15763,511,116,39,0.03,1.5,0,0,0,0,318,0,318,0,318,318,150
10000353,缝合食尸鬼,攻击强化II,GhoulKing,3,6,2,2,4114-1|4011-1||4137-1,567,142,23061,512,116,39,0.26,1.5,0,0,0,0,318,159,0,0,159,398,150
10000354,迷宫守卫,攻击强化III,Tauren,2,5,3,3,4112-1|4010-1||4145-1,1347,337,27655,512,173,58,0.15,1.75,0,0,0,202,0,0,252,252,252,0,150
10000355,幽蓝鬼火,黑暗抵抗II 物理抗性II,ghostFire_dark,2,4,1,1,4111-1|4137-1,408,87,13553,513,128,48,0.03,1.5,0,0,0,0,220,0,207,207,0,413,150
10000356,紫史莱姆,忽高忽低III,SlimePurple,4,8,2,2,4119-1|4017-1||4137-1,1815,38,16483,514,120,40,0.03,1.5,0,0,0,0,330,0,330,0,330,330,150
10000357,缝合食尸鬼,攻击强化II,GhoulKing,3,6,2,2,4114-1|4011-1||4137-1,593,149,24113,515,120,40,0.26,1.5,0,0,0,0,330,165,0,0,165,413,150
10000358,血斧兽人,强壮II,OrcAxe,2,9,1,1,4121-1|4018-1||4140-1,408,87,28020,516,120,40,0.06,1.5,0,0,0,0,220,0,69,0,0,69,150
10000359,致死美杜莎,抗性强化III 毒属性攻击强化III,Medusa,2,11,3,3,4124-1|4021-1||4144-1,704,235,30073,516,120,40,0.15,1.75,0,0,627,0,0,523,523,523,523,523,150
10000360,幽蓝鬼火,黑暗抵抗II 物理抗性II,ghostFire_dark,2,4,1,1,4111-1|4137-1,423,90,14145,517,134,50,0.03,1.5,0,0,0,0,228,0,214,214,0,428,150
10000361,紫史莱姆,忽高忽低III,SlimePurple,4,8,2,2,4119-1|4017-1||4137-1,1881,39,17203,518,125,42,0.03,1.5,0,0,0,0,342,0,342,0,342,342,150
10000362,缝合食尸鬼,攻击强化II,GhoulKing,3,6,2,2,4114-1|4011-1||4137-1,615,154,25167,519,125,42,0.26,1.5,0,0,0,0,342,171,0,0,171,428,150
10000363,血斧兽人,强壮II,OrcAxe,2,9,1,1,4121-1|4018-1||4140-1,423,90,29244,520,125,42,0.06,1.5,0,0,0,0,228,0,72,0,0,72,150
10000364,杀戮制造者[奇美拉],领主 冰属性强化II,Chimera,3,17,4,4,4117-1|4014-1|4015-1|,1088,192,73397,520,125,42,0.15,2,0,855,0,0,0,0,784,0,784,784,150
10000365,食尸鬼爪牙,攻击强化I,Ghoul,3,6,1,1,4113-1|4136-1,450,113,15704,521,217,46,0.13,1.5,0,0,0,0,251,126,0,0,126,313,150
10000366,兽人战士,强壮I,OrcSoldier,4,9,1,1,4120-1|4139-1,492,71,26591,522,136,46,0.03,1.5,0,0,0,0,251,0,0,0,0,0,150
10000367,剧毒食人花,忽高忽低I,ChomperToxic,3,2,1,1,4104-1|4132-1,709,79,12563,523,136,46,0.06,1.5,0,0,251,0,0,0,157,157,0,157,150
10000368,冰元素,冰属性强化I,element_ice,2,12,2,2,4125-1|4143-1,633,211,32454,524,136,46,0.03,1.5,0,470,0,0,0,0,587,235,235,235,150
10000369,迷宫守卫,攻击强化III,Tauren,2,5,3,3,4112-1|4010-1||4145-1,1602,401,33060,524,204,68,0.15,1.75,0,0,0,238,0,0,298,298,298,0,150
10000370,兽人战士,强壮I,OrcSoldier,4,9,1,1,4120-1|4139-1,509,73,27781,525,142,48,0.03,1.5,0,0,0,0,260,0,0,0,0,0,150
10000371,剧毒食人花,忽高忽低I,ChomperToxic,3,2,1,1,4104-1|4132-1,733,82,13125,526,142,48,0.06,1.5,0,0,260,0,0,0,162,162,0,162,150
10000372,冰元素,冰属性强化I,element_ice,2,12,2,2,4125-1|4143-1,655,219,33906,527,142,48,0.03,1.5,0,486,0,0,0,0,608,243,243,243,150
10000373,冰暗圣甲虫,冰霜抗性II 物理抗性II,Scarab_ice,2,13,2,2,4126-1|4142-1,764,110,28437,528,248,35,0.03,1.5,0,389,0,0,0,243,486,243,0,486,150
10000374,恶毒德鲁伊,剧毒抗性III 毒属性攻击强化III,Druid,2,10,3,3,4123-1|4020-1||4144-1,829,277,34539,528,142,48,0.09,1.75,0,0,739,0,0,0,0,1232,616,616,150
10000375,剧毒食人花,忽高忽低I,ChomperToxic,3,2,1,1,4104-1|4132-1,764,85,13685,529,147,49,0.06,1.5,0,0,268,0,0,0,168,168,0,168,150
10000376,冰元素,冰属性强化I,element_ice,2,12,2,2,4125-1|4143-1,682,228,35353,530,147,49,0.03,1.5,0,503,0,0,0,0,629,252,252,252,150
10000377,冰暗圣甲虫,冰霜抗性II 物理抗性II,Scarab_ice,2,13,2,2,4126-1|4142-1,796,114,29651,531,256,37,0.03,1.5,0,402,0,0,0,252,503,252,0,503,150
10000378,食尸鬼爪牙,攻击强化I,Ghoul,3,6,1,1,4113-1|4136-1,485,122,17106,532,235,49,0.13,1.5,0,0,0,0,268,134,0,0,134,335,150
10000379,致死美杜莎,抗性强化III 毒属性攻击强化III,Medusa,2,11,3,3,4124-1|4021-1||4144-1,864,288,37454,532,147,49,0.15,1.75,0,0,764,0,0,637,637,637,637,637,150
10000380,冰元素,冰属性强化I,element_ice,2,12,2,2,4125-1|4143-1,706,236,36805,533,153,51,0.03,1.5,0,521,0,0,0,0,651,261,261,261,150
10000381,冰暗圣甲虫,冰霜抗性II 物理抗性II,Scarab_ice,2,13,2,2,4126-1|4142-1,824,118,30869,534,267,38,0.03,1.5,0,417,0,0,0,261,521,261,0,521,150
10000382,食尸鬼爪牙,攻击强化I,Ghoul,3,6,1,1,4113-1|4136-1,502,126,17809,535,244,51,0.13,1.5,0,0,0,0,278,139,0,0,139,347,150
10000383,兽人战士,强壮I,OrcSoldier,4,9,1,1,4120-1|4139-1,550,79,30156,536,153,51,0.03,1.5,0,0,0,0,278,0,0,0,0,0,150
10000384,魅惑魔女,冰属性攻击强化III,Harpy,4,7,3,3,4116-1|4012-1|4013-1|4145-1,1342,448,37492,536,153,51,0.15,1.75,0,792,0,0,0,0,528,528,528,0,150
10000385,冰暗圣甲虫,冰霜抗性II 物理抗性II,Scarab_ice,2,13,2,2,4126-1|4142-1,850,122,32082,537,275,39,0.03,1.5,0,430,0,0,0,269,537,269,0,537,150
10000386,食尸鬼爪牙,攻击强化I,Ghoul,3,6,1,1,4113-1|4136-1,518,130,18509,538,252,53,0.13,1.5,0,0,0,0,287,144,0,0,144,358,150
10000387,兽人战士,强壮I,OrcSoldier,4,9,1,1,4120-1|4139-1,567,81,31342,539,158,53,0.03,1.5,0,0,0,0,287,0,0,0,0,0,150
10000388,剧毒食人花,忽高忽低I,ChomperToxic,3,2,1,1,4104-1|4132-1,816,91,14808,540,158,53,0.06,1.5,0,0,287,0,0,0,179,179,0,179,150
10000389,吸血鬼伯爵,暗属性攻击强化III 黑暗抗性III,Vampire,3,14,3,3,4127-1|4022-1|4023-1|4144-1,1169,62,41564,540,158,53,0.05,1.75,0,0,0,0,817,0,681,341,0,1361,150
10000390,食尸鬼爪牙,攻击强化I,Ghoul,3,6,1,1,4113-1|4136-1,518,130,18509,541,252,53,0.13,1.5,0,0,0,0,287,144,0,0,144,358,150
10000391,兽人战士,强壮I,OrcSoldier,4,9,1,1,4120-1|4139-1,567,81,31342,542,158,53,0.03,1.5,0,0,0,0,287,0,0,0,0,0,150
10000392,剧毒食人花,忽高忽低I,ChomperToxic,3,2,1,1,4104-1|4132-1,816,91,14808,543,158,53,0.06,1.5,0,0,287,0,0,0,179,179,0,179,150
10000393,冰元素,冰属性强化I,element_ice,2,12,2,2,4125-1|4143-1,729,243,38252,544,158,53,0.03,1.5,0,537,0,0,0,0,672,269,269,269,150
10000394,迷宫守卫,攻击强化III,Tauren,2,5,3,3,4112-1|4010-1||4145-1,1846,462,38966,544,236,79,0.15,1.75,0,0,0,273,0,0,341,341,341,0,150
10000395,兽人战士,强壮I,OrcSoldier,4,9,1,1,4120-1|4139-1,590,85,32602,545,162,54,0.03,1.5,0,0,0,0,296,0,0,0,0,0,150
10000396,剧毒食人花,忽高忽低I,ChomperToxic,3,2,1,1,4104-1|4132-1,850,95,15403,546,162,54,0.06,1.5,0,0,296,0,0,0,185,185,0,185,150
10000397,冰元素,冰属性强化I,element_ice,2,12,2,2,4125-1|4143-1,759,253,39790,547,162,54,0.03,1.5,0,555,0,0,0,0,694,278,278,278,150
10000398,冰暗圣甲虫,冰霜抗性II 物理抗性II,Scarab_ice,2,13,2,2,4126-1|4142-1,885,127,33372,548,283,40,0.03,1.5,0,444,0,0,0,278,555,278,0,555,150
10000399,恶毒德鲁伊,剧毒抗性III 毒属性攻击强化III,Druid,2,10,3,3,4123-1|4020-1||4144-1,961,321,40533,548,162,54,0.09,1.75,0,0,844,0,0,0,0,1406,703,703,150
10000400,剧毒食人花,忽高忽低I,ChomperToxic,3,2,1,1,4104-1|4132-1,880,98,16000,549,168,56,0.06,1.5,0,0,307,0,0,0,192,192,0,192,150
10000401,冰元素,冰属性强化I,element_ice,2,12,2,2,4125-1|4143-1,785,262,41332,550,168,56,0.03,1.5,0,575,0,0,0,0,719,288,288,288,150
10000402,冰暗圣甲虫,冰霜抗性II 物理抗性II,Scarab_ice,2,13,2,2,4126-1|4142-1,916,131,34666,551,294,42,0.03,1.5,0,460,0,0,0,288,575,288,0,575,150
10000403,食尸鬼爪牙,攻击强化I,Ghoul,3,6,1,1,4113-1|4136-1,559,140,20000,552,269,56,0.13,1.5,0,0,0,0,307,154,0,0,154,383,150
10000404,致死美杜莎,抗性强化III 毒属性攻击强化III,Medusa,2,11,3,3,4124-1|4021-1||4144-1,995,332,43788,552,168,56,0.15,1.75,0,0,874,0,0,728,728,728,728,728,150
10000405,冰元素,冰属性强化I,element_ice,2,12,2,2,4125-1|4143-1,810,270,42870,553,173,58,0.03,1.5,0,593,0,0,0,0,741,297,297,297,150
10000406,冰暗圣甲虫,冰霜抗性II 物理抗性II,Scarab_ice,2,13,2,2,4126-1|4142-1,945,135,35955,554,302,43,0.03,1.5,0,474,0,0,0,297,593,297,0,593,150
10000407,食尸鬼爪牙,攻击强化I,Ghoul,3,6,1,1,4113-1|4136-1,576,144,20744,555,277,58,0.13,1.5,0,0,0,0,316,158,0,0,158,395,150
10000408,兽人战士,强壮I,OrcSoldier,4,9,1,1,4120-1|4139-1,630,90,35126,556,173,58,0.03,1.5,0,0,0,0,316,0,0,0,0,0,150
10000409,魅惑魔女,冰属性攻击强化III,Harpy,4,7,3,3,4116-1|4012-1|4013-1|4145-1,1538,513,43670,556,173,58,0.15,1.75,0,901,0,0,0,0,601,601,601,0,150
10000410,冰暗圣甲虫,冰霜抗性II 物理抗性II,Scarab_ice,2,13,2,2,4126-1|4142-1,976,140,37245,557,311,44,0.03,1.5,0,490,0,0,0,306,612,306,0,612,150
10000411,食尸鬼爪牙,攻击强化I,Ghoul,3,6,1,1,4113-1|4136-1,595,149,21488,558,285,60,0.13,1.5,0,0,0,0,327,164,0,0,164,408,150
10000412,兽人战士,强壮I,OrcSoldier,4,9,1,1,4120-1|4139-1,651,93,36385,559,178,60,0.03,1.5,0,0,0,0,327,0,0,0,0,0,150
10000413,剧毒食人花,忽高忽低I,ChomperToxic,3,2,1,1,4104-1|4132-1,937,105,17190,560,178,60,0.06,1.5,0,0,327,0,0,0,204,204,0,204,150
10000414,地狱守门人[三头犬],领主 火属性强化II,Cerberus,2,15,4,4,4109-1|4006-1|4007-1|,1738,307,92596,560,196,66,0.05,2,1224,0,0,0,0,1122,0,1122,0,1122,150
10000415,食尸鬼爪牙,攻击强化I,Ghoul,3,6,1,1,4113-1|4136-1,599,150,21488,561,285,60,0.13,1.5,0,0,0,0,327,164,0,0,164,408,150
10000416,兽人战士,强壮I,OrcSoldier,4,9,1,1,4120-1|4139-1,656,94,36385,562,178,60,0.03,1.5,0,0,0,0,327,0,0,0,0,0,150
10000417,剧毒食人花,忽高忽低I,ChomperToxic,3,2,1,1,4104-1|4132-1,944,105,17190,563,178,60,0.06,1.5,0,0,327,0,0,0,204,204,0,204,150
10000418,冰元素,冰属性强化I,element_ice,2,12,2,2,4125-1|4143-1,843,281,44407,564,178,60,0.03,1.5,0,612,0,0,0,0,765,306,306,306,150
10000419,迷宫守卫,攻击强化III,Tauren,2,5,3,3,4112-1|4010-1||4145-1,2134,534,45237,564,267,89,0.15,1.75,0,0,0,311,0,0,388,388,388,0,150
10000420,兽人战士,强壮I,OrcSoldier,4,9,1,1,4120-1|4139-1,676,97,37719,565,184,62,0.03,1.5,0,0,0,0,337,0,0,0,0,0,150
10000421,剧毒食人花,忽高忽低I,ChomperToxic,3,2,1,1,4104-1|4132-1,974,109,17820,566,184,62,0.06,1.5,0,0,337,0,0,0,211,211,0,211,150
10000422,冰元素,冰属性强化I,element_ice,2,12,2,2,4125-1|4143-1,870,290,46035,567,184,62,0.03,1.5,0,632,0,0,0,0,790,316,316,316,150
10000423,冰暗圣甲虫,冰霜抗性II 物理抗性II,Scarab_ice,2,13,2,2,4126-1|4142-1,1014,145,38610,568,321,46,0.03,1.5,0,506,0,0,0,316,632,316,0,632,150
10000424,恶毒德鲁伊,剧毒抗性III 毒属性攻击强化III,Druid,2,10,3,3,4123-1|4020-1||4144-1,1101,367,46895,568,184,62,0.09,1.75,0,0,960,0,0,0,0,1600,800,800,150
10000425,剧毒食人花,忽高忽低I,ChomperToxic,3,2,1,1,4104-1|4132-1,1004,112,18451,569,189,63,0.06,1.5,0,0,348,0,0,0,217,217,0,217,150
10000426,冰元素,冰属性强化I,element_ice,2,12,2,2,4125-1|4143-1,896,299,47664,570,189,63,0.03,1.5,0,651,0,0,0,0,814,326,326,326,150
10000427,冰暗圣甲虫,冰霜抗性II 物理抗性II,Scarab_ice,2,13,2,2,4126-1|4142-1,1046,150,39976,571,330,47,0.03,1.5,0,521,0,0,0,326,651,326,0,651,150
10000428,食尸鬼爪牙,攻击强化I,Ghoul,3,6,1,1,4113-1|4136-1,638,160,23063,572,302,63,0.13,1.5,0,0,0,0,348,174,0,0,174,434,150
10000429,致死美杜莎,抗性强化III 毒属性攻击强化III,Medusa,2,11,3,3,4124-1|4021-1||4144-1,1135,379,50496,572,189,63,0.15,1.75,0,0,990,0,0,825,825,825,825,825,150
10000430,冰元素,冰属性强化I,element_ice,2,12,2,2,4125-1|4143-1,923,308,49292,573,195,65,0.03,1.5,0,671,0,0,0,0,839,336,336,336,150
10000431,冰暗圣甲虫,冰霜抗性II 物理抗性II,Scarab_ice,2,13,2,2,4126-1|4142-1,1077,154,41342,574,340,48,0.03,1.5,0,537,0,0,0,336,671,336,0,671,150
10000432,食尸鬼爪牙,攻击强化I,Ghoul,3,6,1,1,4113-1|4136-1,657,165,23851,575,312,65,0.13,1.5,0,0,0,0,358,179,0,0,179,447,150
10000433,兽人战士,强壮I,OrcSoldier,4,9,1,1,4120-1|4139-1,718,103,40388,576,195,65,0.03,1.5,0,0,0,0,358,0,0,0,0,0,150
10000434,魅惑魔女,冰属性攻击强化III,Harpy,4,7,3,3,4116-1|4012-1|4013-1|4145-1,1754,585,50212,576,195,65,0.15,1.75,0,1020,0,0,0,0,680,680,680,0,150
10000435,冰暗圣甲虫,冰霜抗性II 物理抗性II,Scarab_ice,2,13,2,2,4126-1|4142-1,1114,160,42710,577,348,50,0.03,1.5,0,551,0,0,0,345,689,345,0,689,150
10000436,食尸鬼爪牙,攻击强化I,Ghoul,3,6,1,1,4113-1|4136-1,679,170,24641,578,319,67,0.13,1.5,0,0,0,0,368,184,0,0,184,459,150
10000437,兽人战士,强壮I,OrcSoldier,4,9,1,1,4120-1|4139-1,743,107,41725,579,200,67,0.03,1.5,0,0,0,0,368,0,0,0,0,0,150
10000438,剧毒食人花,忽高忽低I,ChomperToxic,3,2,1,1,4104-1|4132-1,1070,119,19713,580,200,67,0.06,1.5,0,0,368,0,0,0,230,230,0,230,150
10000439,吸血鬼伯爵,暗属性攻击强化III 黑暗抗性III,Vampire,3,14,3,3,4127-1|4022-1|4023-1|4144-1,1532,81,55333,580,200,67,0.05,1.75,0,0,0,0,1047,0,873,437,0,1745,150
10000440,食尸鬼爪牙,攻击强化I,Ghoul,3,6,1,1,4113-1|4136-1,679,170,24641,581,319,67,0.13,1.5,0,0,0,0,368,184,0,0,184,459,150
10000441,兽人战士,强壮I,OrcSoldier,4,9,1,1,4120-1|4139-1,743,107,41725,582,200,67,0.03,1.5,0,0,0,0,368,0,0,0,0,0,150
10000442,剧毒食人花,忽高忽低I,ChomperToxic,3,2,1,1,4104-1|4132-1,1070,119,19713,583,200,67,0.06,1.5,0,0,368,0,0,0,230,230,0,230,150
10000443,冰元素,冰属性强化I,element_ice,2,12,2,2,4125-1|4143-1,955,319,50924,584,200,67,0.03,1.5,0,689,0,0,0,0,861,345,345,345,150
10000444,迷宫守卫,攻击强化III,Tauren,2,5,3,3,4112-1|4010-1||4145-1,2419,605,51875,584,299,100,0.15,1.75,0,0,0,349,0,0,437,437,437,0,150
10000445,兽人战士,强壮I,OrcSoldier,4,9,1,1,4120-1|4139-1,767,110,43133,585,206,69,0.03,1.5,0,0,0,0,380,0,0,0,0,0,150
10000446,剧毒食人花,忽高忽低I,ChomperToxic,3,2,1,1,4104-1|4132-1,1104,123,20378,586,206,69,0.06,1.5,0,0,380,0,0,0,237,237,0,237,150
10000447,冰元素,冰属性强化I,element_ice,2,12,2,2,4125-1|4143-1,986,329,52642,587,206,69,0.03,1.5,0,711,0,0,0,0,889,356,356,356,150
10000448,冰暗圣甲虫,冰霜抗性II 物理抗性II,Scarab_ice,2,13,2,2,4126-1|4142-1,1150,165,44152,588,359,51,0.03,1.5,0,569,0,0,0,356,711,356,0,711,150
10000449,恶毒德鲁伊,剧毒抗性III 毒属性攻击强化III,Druid,2,10,3,3,4123-1|4020-1||4144-1,1249,417,53625,588,206,69,0.09,1.75,0,0,1081,0,0,0,0,1802,901,901,150
10000450,剧毒食人花,忽高忽低I,ChomperToxic,3,2,1,1,4104-1|4132-1,1137,127,21041,589,212,71,0.06,1.5,0,0,391,0,0,0,244,244,0,244,150
10000451,冰元素,冰属性强化I,element_ice,2,12,2,2,4125-1|4143-1,1015,339,54356,590,212,71,0.03,1.5,0,732,0,0,0,0,915,366,366,366,150
10000452,冰暗圣甲虫,冰霜抗性II 物理抗性II,Scarab_ice,2,13,2,2,4126-1|4142-1,1184,170,45589,591,369,53,0.03,1.5,0,586,0,0,0,366,732,366,0,732,150
10000453,食尸鬼爪牙,攻击强化I,Ghoul,3,6,1,1,4113-1|4136-1,722,181,26301,592,338,71,0.13,1.5,0,0,0,0,391,196,0,0,196,488,150
10000454,致死美杜莎,抗性强化III 毒属性攻击强化III,Medusa,2,11,3,3,4124-1|4021-1||4144-1,1286,429,57586,592,212,71,0.15,1.75,0,0,1113,0,0,928,928,928,928,928,150
10000455,冰元素,冰属性强化I,element_ice,2,12,2,2,4125-1|4143-1,1050,350,56075,593,219,73,0.03,1.5,0,752,0,0,0,0,940,376,376,376,150
10000456,冰暗圣甲虫,冰霜抗性II 物理抗性II,Scarab_ice,2,13,2,2,4126-1|4142-1,1225,175,47030,594,382,54,0.03,1.5,0,602,0,0,0,376,752,376,0,752,150
10000457,食尸鬼爪牙,攻击强化I,Ghoul,3,6,1,1,4113-1|4136-1,747,187,27133,595,350,73,0.13,1.5,0,0,0,0,401,201,0,0,201,501,150
10000458,兽人战士,强壮I,OrcSoldier,4,9,1,1,4120-1|4139-1,817,117,45945,596,219,73,0.03,1.5,0,0,0,0,401,0,0,0,0,0,150
10000459,魅惑魔女,冰属性攻击强化III,Harpy,4,7,3,3,4116-1|4012-1|4013-1|4145-1,1995,665,57122,596,219,73,0.15,1.75,0,1143,0,0,0,0,762,762,762,0,150
10000460,冰暗圣甲虫,冰霜抗性II 物理抗性II,Scarab_ice,2,13,2,2,4126-1|4142-1,1259,180,48472,597,392,56,0.03,1.5,0,618,0,0,0,387,773,387,0,773,150
10000461,食尸鬼爪牙,攻击强化I,Ghoul,3,6,1,1,4113-1|4136-1,768,192,27965,598,360,75,0.13,1.5,0,0,0,0,412,206,0,0,206,515,150
10000462,兽人战士,强壮I,OrcSoldier,4,9,1,1,4120-1|4139-1,840,120,47353,599,225,75,0.03,1.5,0,0,0,0,412,0,0,0,0,0,150
10000463,剧毒食人花,忽高忽低I,ChomperToxic,3,2,1,1,4104-1|4132-1,1209,135,22372,600,225,75,0.06,1.5,0,0,412,0,0,0,258,258,0,258,150
10000464,宝藏看守者[黑龙],领主 火属性强化II,Dragon,2,16,4,4,4110-1|4008-1|4009-1|,2374,264,121701,600,247,83,0.05,2,1545,0,0,0,0,1417,0,1417,0,1417,150
10000465,缝合食尸鬼,攻击强化II,GhoulKing,3,6,2,2,4114-1|4011-1||4137-1,1151,288,49093,601,225,75,0.26,1.5,0,0,0,0,618,309,0,0,309,773,150
10000466,血斧兽人,强壮II,OrcAxe,2,9,1,1,4121-1|4018-1||4140-1,792,168,57047,602,225,75,0.06,1.5,0,0,0,0,412,0,129,0,0,129,150
10000467,大型变异藤曼,忽高忽低II,ChomperAberrance,3,2,2,2,4105-1|4133-1,2158,0,43500,603,225,75,0.09,1.5,0,0,618,0,0,0,580,580,0,580,150
10000468,火元素,火属性强化I,element_fire,2,12,2,2,4125-1|4135-1,1079,360,58415,604,225,75,0.03,1.5,773,0,0,0,0,966,0,387,387,387,150
10000469,迷宫守卫,攻击强化III,Tauren,2,5,3,3,4112-1|4010-1||4145-1,2734,684,58872,604,337,113,0.15,1.75,0,0,0,392,0,0,490,490,490,0,150
10000470,血斧兽人,强壮II,OrcAxe,2,9,1,1,4121-1|4018-1||4140-1,813,173,58751,605,231,77,0.06,1.5,0,0,0,0,424,0,133,0,0,133,150
10000471,大型变异藤曼,忽高忽低II,ChomperAberrance,3,2,2,2,4105-1|4133-1,2217,0,44800,606,231,77,0.09,1.5,0,0,635,0,0,0,596,596,0,596,150
10000472,火元素,火属性强化I,element_fire,2,12,2,2,4125-1|4135-1,1109,370,60159,607,231,77,0.03,1.5,794,0,0,0,0,992,0,397,397,397,150
10000473,暗冰圣甲虫,黑暗抗性II 物理抗性II,Scarab_dark,2,13,2,2,4126-1|4138-1,1257,222,49279,608,404,56,0.03,1.5,0,0,0,0,635,397,794,397,0,794,150
10000474,恶毒德鲁伊,剧毒抗性III 毒属性攻击强化III,Druid,2,10,3,3,4123-1|4020-1||4144-1,1404,468,60631,608,231,77,0.09,1.75,0,0,1207,0,0,0,0,2011,1006,1006,150
10000475,大型变异藤曼,忽高忽低II,ChomperAberrance,3,2,2,2,4105-1|4133-1,2293,0,46100,609,237,79,0.09,1.5,0,0,652,0,0,0,611,611,0,611,150
10000476,火元素,火属性强化I,element_fire,2,12,2,2,4125-1|4135-1,1147,383,61905,610,237,79,0.03,1.5,815,0,0,0,0,1019,0,408,408,408,150
10000477,暗冰圣甲虫,黑暗抗性II 物理抗性II,Scarab_dark,2,13,2,2,4126-1|4138-1,1299,230,50710,611,415,57,0.03,1.5,0,0,0,0,652,408,815,408,0,815,150
10000478,缝合食尸鬼,攻击强化II,GhoulKing,3,6,2,2,4114-1|4011-1||4137-1,1223,306,52027,612,237,79,0.26,1.5,0,0,0,0,652,326,0,0,326,815,150
10000479,致死美杜莎,抗性强化III 毒属性攻击强化III,Medusa,2,11,3,3,4124-1|4021-1||4144-1,1452,484,64886,612,237,79,0.15,1.75,0,0,1239,0,0,1032,1032,1032,1032,1032,150
10000480,火元素,火属性强化I,element_fire,2,12,2,2,4125-1|4135-1,1174,392,63650,613,243,81,0.03,1.5,834,0,0,0,0,1043,0,417,417,417,150
10000481,暗冰圣甲虫,黑暗抗性II 物理抗性II,Scarab_dark,2,13,2,2,4126-1|4138-1,1331,235,52139,614,426,59,0.03,1.5,0,0,0,0,668,417,834,417,0,834,150
10000482,缝合食尸鬼,攻击强化II,GhoulKing,3,6,2,2,4114-1|4011-1||4137-1,1252,313,53493,615,243,81,0.26,1.5,0,0,0,0,668,334,0,0,334,834,150
10000483,血斧兽人,强壮II,OrcAxe,2,9,1,1,4121-1|4018-1||4140-1,861,183,62160,616,243,81,0.06,1.5,0,0,0,0,445,0,139,0,0,139,150
10000484,魅惑魔女,冰属性攻击强化III,Harpy,4,7,3,3,4116-1|4012-1|4013-1|4145-1,2230,744,64149,616,243,81,0.15,1.75,0,1268,0,0,0,0,846,846,846,0,150
10000485,暗冰圣甲虫,黑暗抗性II 物理抗性II,Scarab_dark,2,13,2,2,4126-1|4138-1,1364,241,53569,617,436,60,0.03,1.5,0,0,0,0,684,428,855,428,0,855,150
10000486,缝合食尸鬼,攻击强化II,GhoulKing,3,6,2,2,4114-1|4011-1||4137-1,1284,321,54960,618,249,83,0.26,1.5,0,0,0,0,684,342,0,0,342,855,150
10000487,血斧兽人,强壮II,OrcAxe,2,9,1,1,4121-1|4018-1||4140-1,883,188,63865,619,249,83,0.06,1.5,0,0,0,0,456,0,143,0,0,143,150
10000488,大型变异藤曼,忽高忽低II,ChomperAberrance,3,2,2,2,4105-1|4133-1,2407,0,48699,620,249,83,0.09,1.5,0,0,684,0,0,0,642,642,0,642,150
10000489,吸血鬼伯爵,暗属性攻击强化III 黑暗抗性III,Vampire,3,14,3,3,4127-1|4022-1|4023-1|4144-1,1931,102,70302,620,249,83,0.05,1.75,0,0,0,0,1300,0,1083,542,0,2166,150
10000490,缝合食尸鬼,攻击强化II,GhoulKing,3,6,2,2,4114-1|4011-1||4137-1,1284,321,54960,621,249,83,0.26,1.5,0,0,0,0,684,342,0,0,342,855,150
10000491,血斧兽人,强壮II,OrcAxe,2,9,1,1,4121-1|4018-1||4140-1,883,188,63865,622,249,83,0.06,1.5,0,0,0,0,456,0,143,0,0,143,150
10000492,大型变异藤曼,忽高忽低II,ChomperAberrance,3,2,2,2,4105-1|4133-1,2407,0,48699,623,249,83,0.09,1.5,0,0,684,0,0,0,642,642,0,642,150
10000493,火元素,火属性强化I,element_fire,2,12,2,2,4125-1|4135-1,1204,402,65396,624,249,83,0.03,1.5,855,0,0,0,0,1069,0,428,428,428,150
10000494,迷宫守卫,攻击强化III,Tauren,2,5,3,3,4112-1|4010-1||4145-1,3048,762,65908,624,373,125,0.15,1.75,0,0,0,434,0,0,542,542,542,0,150
10000495,血斧兽人,强壮II,OrcAxe,2,9,1,1,4121-1|4018-1||4140-1,905,192,65128,625,252,84,0.06,1.5,0,0,0,0,464,0,145,0,0,145,150
10000496,大型变异藤曼,忽高忽低II,ChomperAberrance,3,2,2,2,4105-1|4133-1,2467,0,49662,626,252,84,0.09,1.5,0,0,696,0,0,0,653,653,0,653,150
10000497,火元素,火属性强化I,element_fire,2,12,2,2,4125-1|4135-1,1234,412,66689,627,252,84,0.03,1.5,870,0,0,0,0,1088,0,435,435,435,150
10000498,暗冰圣甲虫,黑暗抗性II 物理抗性II,Scarab_dark,2,13,2,2,4126-1|4138-1,1398,247,54628,628,442,61,0.03,1.5,0,0,0,0,696,435,870,435,0,870,150
10000499,恶毒德鲁伊,剧毒抗性III 毒属性攻击强化III,Druid,2,10,3,3,4123-1|4020-1||4144-1,1563,521,67212,628,252,84,0.09,1.75,0,0,1323,0,0,0,0,2204,1102,1102,150
10000500,大型变异藤曼,忽高忽低II,ChomperAberrance,3,2,2,2,4105-1|4133-1,2506,0,50625,629,257,86,0.09,1.5,0,0,707,0,0,0,663,663,0,663,150
10000501,火元素,火属性强化I,element_fire,2,12,2,2,4125-1|4135-1,1253,418,67983,630,257,86,0.03,1.5,884,0,0,0,0,1105,0,442,442,442,150
10000502,暗冰圣甲虫,黑暗抗性II 物理抗性II,Scarab_dark,2,13,2,2,4126-1|4138-1,1420,251,55688,631,451,62,0.03,1.5,0,0,0,0,707,442,884,442,0,884,150
10000503,缝合食尸鬼,攻击强化II,GhoulKing,3,6,2,2,4114-1|4011-1||4137-1,1337,335,57134,632,257,86,0.26,1.5,0,0,0,0,707,354,0,0,354,884,150
10000504,致死美杜莎,抗性强化III 毒属性攻击强化III,Medusa,2,11,3,3,4124-1|4021-1||4144-1,1587,529,71256,632,257,86,0.15,1.75,0,0,1343,0,0,1120,1120,1120,1120,1120,150
10000505,火元素,火属性强化I,element_fire,2,12,2,2,4125-1|4135-1,1274,425,69277,633,261,87,0.03,1.5,899,0,0,0,0,1124,0,450,450,450,150
10000506,暗冰圣甲虫,黑暗抗性II 物理抗性II,Scarab_dark,2,13,2,2,4126-1|4138-1,1444,255,56748,634,457,63,0.03,1.5,0,0,0,0,719,450,899,450,0,899,150
10000507,缝合食尸鬼,攻击强化II,GhoulKing,3,6,2,2,4114-1|4011-1||4137-1,1359,340,58222,635,261,87,0.26,1.5,0,0,0,0,719,360,0,0,360,899,150
10000508,血斧兽人,强壮II,OrcAxe,2,9,1,1,4121-1|4018-1||4140-1,935,199,67656,636,261,87,0.06,1.5,0,0,0,0,480,0,150,0,0,150,150
10000509,魅惑魔女,冰属性攻击强化III,Harpy,4,7,3,3,4116-1|4012-1|4013-1|4145-1,2421,807,69820,636,261,87,0.15,1.75,0,1366,0,0,0,0,911,911,911,0,150
10000510,暗冰圣甲虫,黑暗抗性II 物理抗性II,Scarab_dark,2,13,2,2,4126-1|4138-1,1468,260,57808,637,463,64,0.03,1.5,0,0,0,0,731,457,914,457,0,914,150
10000511,缝合食尸鬼,攻击强化II,GhoulKing,3,6,2,2,4114-1|4011-1||4137-1,1382,346,59309,638,264,88,0.26,1.5,0,0,0,0,731,366,0,0,366,914,150
10000512,血斧兽人,强壮II,OrcAxe,2,9,1,1,4121-1|4018-1||4140-1,950,202,68919,639,264,88,0.06,1.5,0,0,0,0,488,0,153,0,0,153,150
10000513,大型变异藤曼,忽高忽低II,ChomperAberrance,3,2,2,2,4105-1|4133-1,2591,0,52553,640,264,88,0.09,1.5,0,0,731,0,0,0,686,686,0,686,150
10000514,杀戮制造者[奇美拉],领主 冰属性强化II,Chimera,3,17,4,4,4117-1|4014-1|4015-1|,2447,432,172973,640,264,88,0.15,2,0,1827,0,0,0,0,1675,0,1675,1675,150
10000515,缝合食尸鬼,攻击强化II,GhoulKing,3,6,2,2,4114-1|4011-1||4137-1,1392,348,59309,641,264,88,0.26,1.5,0,0,0,0,731,366,0,0,366,914,150
10000516,血斧兽人,强壮II,OrcAxe,2,9,1,1,4121-1|4018-1||4140-1,957,203,68919,642,264,88,0.06,1.5,0,0,0,0,488,0,153,0,0,153,150
10000517,大型变异藤曼,忽高忽低II,ChomperAberrance,3,2,2,2,4105-1|4133-1,2610,0,52553,643,264,88,0.09,1.5,0,0,731,0,0,0,686,686,0,686,150
10000518,火元素,火属性强化I,element_fire,2,12,2,2,4125-1|4135-1,1305,435,70571,644,264,88,0.03,1.5,914,0,0,0,0,1142,0,457,457,457,150
10000519,迷宫守卫,攻击强化III,Tauren,2,5,3,3,4112-1|4010-1||4145-1,3306,827,71124,644,396,132,0.15,1.75,0,0,0,463,0,0,579,579,579,0,150
10000520,血斧兽人,强壮II,OrcAxe,2,9,1,1,4121-1|4018-1||4140-1,973,207,70182,645,269,90,0.06,1.5,0,0,0,0,496,0,155,0,0,155,150
10000521,大型变异藤曼,忽高忽低II,ChomperAberrance,3,2,2,2,4105-1|4133-1,2653,0,53516,646,269,90,0.09,1.5,0,0,743,0,0,0,697,697,0,697,150
10000522,火元素,火属性强化I,element_fire,2,12,2,2,4125-1|4135-1,1327,443,71864,647,269,90,0.03,1.5,929,0,0,0,0,1161,0,465,465,465,150
10000523,暗冰圣甲虫,黑暗抗性II 物理抗性II,Scarab_dark,2,13,2,2,4126-1|4138-1,1504,266,58868,648,472,65,0.03,1.5,0,0,0,0,743,465,929,465,0,929,150
10000524,恶毒德鲁伊,剧毒抗性III 毒属性攻击强化III,Druid,2,10,3,3,4123-1|4020-1||4144-1,1681,561,72427,648,269,90,0.09,1.75,0,0,1412,0,0,0,0,2353,1177,1177,150
10000525,大型变异藤曼,忽高忽低II,ChomperAberrance,3,2,2,2,4105-1|4133-1,2696,0,54480,649,274,92,0.09,1.5,0,0,755,0,0,0,708,708,0,708,150
10000526,火元素,火属性强化I,element_fire,2,12,2,2,4125-1|4135-1,1348,450,73159,650,274,92,0.03,1.5,944,0,0,0,0,1180,0,472,472,472,150
10000527,暗冰圣甲虫,黑暗抗性II 物理抗性II,Scarab_dark,2,13,2,2,4126-1|4138-1,1528,270,59928,651,480,66,0.03,1.5,0,0,0,0,755,472,944,472,0,944,150
10000528,缝合食尸鬼,攻击强化II,GhoulKing,3,6,2,2,4114-1|4011-1||4137-1,1438,360,61485,652,274,92,0.26,1.5,0,0,0,0,755,378,0,0,378,944,150
10000529,致死美杜莎,抗性强化III 毒属性攻击强化III,Medusa,2,11,3,3,4124-1|4021-1||4144-1,1708,570,76682,652,274,92,0.15,1.75,0,0,1435,0,0,1196,1196,1196,1196,1196,150
10000530,火元素,火属性强化I,element_fire,2,12,2,2,4125-1|4135-1,1368,456,74452,653,279,93,0.03,1.5,957,0,0,0,0,1197,0,479,479,479,150
10000531,暗冰圣甲虫,黑暗抗性II 物理抗性II,Scarab_dark,2,13,2,2,4126-1|4138-1,1550,274,60988,654,489,67,0.03,1.5,0,0,0,0,766,479,957,479,0,957,150
10000532,缝合食尸鬼,攻击强化II,GhoulKing,3,6,2,2,4114-1|4011-1||4137-1,1459,365,62572,655,279,93,0.26,1.5,0,0,0,0,766,383,0,0,383,957,150
10000533,血斧兽人,强壮II,OrcAxe,2,9,1,1,4121-1|4018-1||4140-1,1003,213,72710,656,279,93,0.06,1.5,0,0,0,0,511,0,160,0,0,160,150
10000534,魅惑魔女,冰属性攻击强化III,Harpy,4,7,3,3,4116-1|4012-1|4013-1|4145-1,2598,866,75036,656,279,93,0.15,1.75,0,1455,0,0,0,0,970,970,970,0,150
10000535,暗冰圣甲虫,黑暗抗性II 物理抗性II,Scarab_dark,2,13,2,2,4126-1|4138-1,1586,280,62047,657,495,68,0.03,1.5,0,0,0,0,778,486,972,486,0,972,150
10000536,缝合食尸鬼,攻击强化II,GhoulKing,3,6,2,2,4114-1|4011-1||4137-1,1493,374,63659,658,282,94,0.26,1.5,0,0,0,0,778,389,0,0,389,972,150
10000537,血斧兽人,强壮II,OrcAxe,2,9,1,1,4121-1|4018-1||4140-1,1027,218,73973,659,282,94,0.06,1.5,0,0,0,0,519,0,162,0,0,162,150
10000538,大型变异藤曼,忽高忽低II,ChomperAberrance,3,2,2,2,4105-1|4133-1,2799,0,56406,660,282,94,0.09,1.5,0,0,778,0,0,0,729,729,0,729,150
10000539,吸血鬼伯爵,暗属性攻击强化III 黑暗抗性III,Vampire,3,14,3,3,4127-1|4022-1|4023-1|4144-1,2245,119,81429,660,282,94,0.05,1.75,0,0,0,0,1478,0,1232,616,0,2463,150
10000540,缝合食尸鬼,攻击强化II,GhoulKing,3,6,2,2,4114-1|4011-1||4137-1,1493,374,63659,661,282,94,0.26,1.5,0,0,0,0,778,389,0,0,389,972,150
10000541,血斧兽人,强壮II,OrcAxe,2,9,1,1,4121-1|4018-1||4140-1,1027,218,73973,662,282,94,0.06,1.5,0,0,0,0,519,0,162,0,0,162,150
10000542,大型变异藤曼,忽高忽低II,ChomperAberrance,3,2,2,2,4105-1|4133-1,2799,0,56406,663,282,94,0.09,1.5,0,0,778,0,0,0,729,729,0,729,150
10000543,火元素,火属性强化I,element_fire,2,12,2,2,4125-1|4135-1,1400,467,75746,664,282,94,0.03,1.5,972,0,0,0,0,1215,0,486,486,486,150
10000544,迷宫守卫,攻击强化III,Tauren,2,5,3,3,4112-1|4010-1||4145-1,3545,887,76339,664,423,141,0.15,1.75,0,0,0,493,0,0,616,616,616,0,150
10000545,血斧兽人,强壮II,OrcAxe,2,9,1,1,4121-1|4018-1||4140-1,1041,221,75237,665,286,96,0.06,1.5,0,0,0,0,526,0,165,0,0,165,150
10000546,大型变异藤曼,忽高忽低II,ChomperAberrance,3,2,2,2,4105-1|4133-1,2838,0,57371,666,286,96,0.09,1.5,0,0,789,0,0,0,740,740,0,740,150
10000547,火元素,火属性强化I,element_fire,2,12,2,2,4125-1|4135-1,1419,473,77040,667,286,96,0.03,1.5,986,0,0,0,0,1232,0,493,493,493,150
10000548,暗冰圣甲虫,黑暗抗性II 物理抗性II,Scarab_dark,2,13,2,2,4126-1|4138-1,1608,284,63108,668,501,69,0.03,1.5,0,0,0,0,789,493,986,493,0,986,150
10000549,恶毒德鲁伊,剧毒抗性III 毒属性攻击强化III,Druid,2,10,3,3,4123-1|4020-1||4144-1,1797,599,77644,668,286,96,0.09,1.75,0,0,1498,0,0,0,0,2497,1249,1249,150
10000550,大型变异藤曼,忽高忽低II,ChomperAberrance,3,2,2,2,4105-1|4133-1,2881,0,58334,669,291,97,0.09,1.5,0,0,801,0,0,0,751,751,0,751,150
10000551,火元素,火属性强化I,element_fire,2,12,2,2,4125-1|4135-1,1441,481,78334,670,291,97,0.03,1.5,1001,0,0,0,0,1251,0,501,501,501,150
10000552,暗冰圣甲虫,黑暗抗性II 物理抗性II,Scarab_dark,2,13,2,2,4126-1|4138-1,1633,289,64167,671,510,70,0.03,1.5,0,0,0,0,801,501,1001,501,0,1001,150
10000553,缝合食尸鬼,攻击强化II,GhoulKing,3,6,2,2,4114-1|4011-1||4137-1,1537,385,65834,672,291,97,0.26,1.5,0,0,0,0,801,401,0,0,401,1001,150
10000554,致死美杜莎,抗性强化III 毒属性攻击强化III,Medusa,2,11,3,3,4124-1|4021-1||4144-1,1825,609,82106,672,291,97,0.15,1.75,0,0,1521,0,0,1268,1268,1268,1268,1268,150
10000555,火元素,火属性强化I,element_fire,2,12,2,2,4125-1|4135-1,1471,491,79627,673,294,98,0.03,1.5,1014,0,0,0,0,1268,0,507,507,507,150
10000556,暗冰圣甲虫,黑暗抗性II 物理抗性II,Scarab_dark,2,13,2,2,4126-1|4138-1,1668,295,65227,674,516,71,0.03,1.5,0,0,0,0,812,507,1014,507,0,1014,150
10000557,缝合食尸鬼,攻击强化II,GhoulKing,3,6,2,2,4114-1|4011-1||4137-1,1570,393,66921,675,294,98,0.26,1.5,0,0,0,0,812,406,0,0,406,1014,150
10000558,血斧兽人,强壮II,OrcAxe,2,9,1,1,4121-1|4018-1||4140-1,1079,229,77764,676,294,98,0.06,1.5,0,0,0,0,541,0,169,0,0,169,150
10000559,魅惑魔女,冰属性攻击强化III,Harpy,4,7,3,3,4116-1|4012-1|4013-1|4145-1,2795,932,80251,676,294,98,0.15,1.75,0,1542,0,0,0,0,1028,1028,1028,0,150
10000560,暗冰圣甲虫,黑暗抗性II 物理抗性II,Scarab_dark,2,13,2,2,4126-1|4138-1,1690,299,66286,677,524,72,0.03,1.5,0,0,0,0,822,514,1028,514,0,1028,150
10000561,缝合食尸鬼,攻击强化II,GhoulKing,3,6,2,2,4114-1|4011-1||4137-1,1590,398,68008,678,299,100,0.26,1.5,0,0,0,0,822,411,0,0,411,1028,150
10000562,血斧兽人,强壮II,OrcAxe,2,9,1,1,4121-1|4018-1||4140-1,1094,232,79027,679,299,100,0.06,1.5,0,0,0,0,548,0,172,0,0,172,150
10000563,大型变异藤曼,忽高忽低II,ChomperAberrance,3,2,2,2,4105-1|4133-1,2982,0,60260,680,299,100,0.09,1.5,0,0,822,0,0,0,771,771,0,771,150
10000564,杀戮制造者[奇美拉],领主 冰属性强化II,Chimera,3,17,4,4,4117-1|4014-1|4015-1|,2816,497,198341,680,299,100,0.15,2,0,2055,0,0,0,0,1884,0,1884,1884,150
10000565,远古人类国王,物理抗性III,Leoric,3,3,3,3,4108-1|4004-1|4005-1|,1889,630,104390,681,299,100,0.1,1.5,521,0,0,0,1042,391,0,0,0,391,150
10000566,狡黠酋长,抗性强化III,GoblinChief,4,1,3,3,4103-1|4001-1|4002-1|4131-1,2014,504,88079,682,240,160,0.09,1.5,521,0,521,0,0,977,977,977,0,977,150
10000567,食尸鬼大王,攻击强化III,GhoulLord,4,6,3,3,4115-1|4138-1,2014,504,88079,683,299,100,0.4,1.5,0,0,1042,0,1042,1042,0,0,1042,1302,150
10000568,黑兽人,强壮III,OrcBlack,2,9,3,3,4122-1|4019-1||4141-1,1951,567,193557,684,449,150,0.09,1.5,0,0,0,0,1042,0,651,651,0,651,150
10000569,迷宫守卫,攻击强化III,Tauren,2,5,3,3,4112-1|4010-1||4145-1,3777,945,81555,684,449,150,0.15,1.75,0,0,0,521,0,0,651,651,651,0,150
10000570,狡黠酋长,抗性强化III,GoblinChief,4,1,3,3,4103-1|4001-1|4002-1|4131-1,2044,511,89489,685,242,162,0.09,1.5,529,0,529,0,0,991,991,991,0,991,150
10000571,食尸鬼大王,攻击强化III,GhoulLord,4,6,3,3,4115-1|4138-1,2044,511,89489,686,303,101,0.4,1.5,0,0,1057,0,1057,1057,0,0,1057,1321,150
10000572,黑兽人,强壮III,OrcBlack,2,9,3,3,4122-1|4019-1||4141-1,1980,575,196653,687,454,152,0.09,1.5,0,0,0,0,1057,0,661,661,0,661,150
10000573,大型变异藤曼,忽高忽低II,ChomperAberrance,3,2,2,2,4105-1|4133-1,3025,0,61224,688,303,101,0.09,1.5,0,0,834,0,0,0,782,782,0,782,150
10000574,恶毒德鲁伊,剧毒抗性III 毒属性攻击强化III,Druid,2,10,3,3,4123-1|4020-1||4144-1,1916,639,82860,688,303,101,0.09,1.75,0,0,1585,0,0,0,0,2641,1321,1321,150
10000575,食尸鬼大王,攻击强化III,GhoulLord,4,6,3,3,4115-1|4138-1,2089,523,90896,689,306,102,0.4,1.5,0,0,1072,0,1072,1072,0,0,1072,1340,150
10000576,黑兽人,强壮III,OrcBlack,2,9,3,3,4122-1|4019-1||4141-1,2024,588,199747,690,459,153,0.09,1.5,0,0,0,0,1072,0,670,670,0,670,150
10000577,大型变异藤曼,忽高忽低II,ChomperAberrance,3,2,2,2,4105-1|4133-1,3093,0,62188,691,306,102,0.09,1.5,0,0,846,0,0,0,794,794,0,794,150
10000578,远古人类国王,物理抗性III,Leoric,3,3,3,3,4108-1|4004-1|4005-1|,1959,653,107729,692,306,102,0.1,1.5,536,0,0,0,1072,402,0,0,0,402,150
10000579,致死美杜莎,抗性强化III 毒属性攻击强化III,Medusa,2,11,3,3,4124-1|4021-1||4144-1,1959,653,87530,692,306,102,0.15,1.75,0,0,1608,0,0,1340,1340,1340,1340,1340,150
10000580,黑兽人,强壮III,OrcBlack,2,9,3,3,4122-1|4019-1||4141-1,2053,596,202841,693,467,156,0.09,1.5,0,0,0,0,1087,0,680,680,0,680,150
10000581,大型变异藤曼,忽高忽低II,ChomperAberrance,3,2,2,2,4105-1|4133-1,3136,0,63151,694,311,104,0.09,1.5,0,0,858,0,0,0,805,805,0,805,150
10000582,远古人类国王,物理抗性III,Leoric,3,3,3,3,4108-1|4004-1|4005-1|,1987,663,109398,695,311,104,0.1,1.5,544,0,0,0,1087,408,0,0,0,408,150
10000583,狡黠酋长,抗性强化III,GoblinChief,4,1,3,3,4103-1|4001-1|4002-1|4131-1,2119,530,92304,696,249,166,0.09,1.5,544,0,544,0,0,1019,1019,1019,0,1019,150
10000584,魅惑魔女,冰属性攻击强化III,Harpy,4,7,3,3,4116-1|4012-1|4013-1|4145-1,2980,994,85467,696,311,104,0.15,1.75,0,1631,0,0,0,0,1087,1087,1087,0,150
10000585,大型变异藤曼,忽高忽低II,ChomperAberrance,3,2,2,2,4105-1|4133-1,3185,0,64115,697,315,105,0.09,1.5,0,0,872,0,0,0,817,817,0,817,150
10000586,远古人类国王,物理抗性III,Leoric,3,3,3,3,4108-1|4004-1|4005-1|,2017,673,111068,698,315,105,0.1,1.5,552,0,0,0,1104,414,0,0,0,414,150
10000587,狡黠酋长,抗性强化III,GoblinChief,4,1,3,3,4103-1|4001-1|4002-1|4131-1,2152,538,93714,699,252,168,0.09,1.5,552,0,552,0,0,1035,1035,1035,0,1035,150
10000588,食尸鬼大王,攻击强化III,GhoulLord,4,6,3,3,4115-1|4138-1,2152,538,93714,700,315,105,0.4,1.5,0,0,1104,0,1104,1104,0,0,1104,1380,150
10000589,吸血鬼伯爵,暗属性攻击强化III 黑暗抗性III,Vampire,3,14,3,3,4127-1|4022-1|4023-1|4144-1,2555,135,92557,700,315,105,0.05,1.75,0,0,0,0,1656,0,1380,690,0,2759,150
10000590,远古人类国王,物理抗性III,Leoric,3,3,3,3,4108-1|4004-1|4005-1|,2017,673,111068,701,315,105,0.1,1.5,552,0,0,0,1104,414,0,0,0,414,150
10000591,狡黠酋长,抗性强化III,GoblinChief,4,1,3,3,4103-1|4001-1|4002-1|4131-1,2152,538,93714,702,252,168,0.09,1.5,552,0,552,0,0,1035,1035,1035,0,1035,150
10000592,食尸鬼大王,攻击强化III,GhoulLord,4,6,3,3,4115-1|4138-1,2152,538,93714,703,315,105,0.4,1.5,0,0,1104,0,1104,1104,0,0,1104,1380,150
10000593,黑兽人,强壮III,OrcBlack,2,9,3,3,4122-1|4019-1||4141-1,2084,605,205938,704,472,158,0.09,1.5,0,0,0,0,1104,0,690,690,0,690,150
10000594,迷宫守卫,攻击强化III,Tauren,2,5,3,3,4112-1|4010-1||4145-1,4034,1009,86772,704,472,158,0.15,1.75,0,0,0,552,0,0,690,690,690,0,150
10000595,狡黠酋长,抗性强化III,GoblinChief,4,1,3,3,4103-1|4001-1|4002-1|4131-1,2198,550,95121,705,256,171,0.09,1.5,560,0,560,0,0,1049,1049,1049,0,1049,150
10000596,食尸鬼大王,攻击强化III,GhoulLord,4,6,3,3,4115-1|4138-1,2198,550,95121,706,320,107,0.4,1.5,0,0,1119,0,1119,1119,0,0,1119,1399,150
10000597,黑兽人,强壮III,OrcBlack,2,9,3,3,4122-1|4019-1||4141-1,2130,619,209032,707,479,160,0.09,1.5,0,0,0,0,1119,0,700,700,0,700,150
10000598,大型变异藤曼,忽高忽低II,ChomperAberrance,3,2,2,2,4105-1|4133-1,3254,0,65078,708,320,107,0.09,1.5,0,0,884,0,0,0,828,828,0,828,150
10000599,恶毒德鲁伊,剧毒抗性III 毒属性攻击强化III,Druid,2,10,3,3,4123-1|4020-1||4144-1,2061,687,88075,708,320,107,0.09,1.75,0,0,1679,0,0,0,0,2797,1399,1399,150
10000600,食尸鬼大王,攻击强化III,GhoulLord,4,6,3,3,4115-1|4138-1,2228,557,96529,709,323,108,0.4,1.5,0,0,1134,0,1134,1134,0,0,1134,1418,150
10000601,黑兽人,强壮III,OrcBlack,2,9,3,3,4122-1|4019-1||4141-1,2159,627,212126,710,485,162,0.09,1.5,0,0,0,0,1134,0,709,709,0,709,150
10000602,大型变异藤曼,忽高忽低II,ChomperAberrance,3,2,2,2,4105-1|4133-1,3298,0,66041,711,323,108,0.09,1.5,0,0,896,0,0,0,840,840,0,840,150
10000603,远古人类国王,物理抗性III,Leoric,3,3,3,3,4108-1|4004-1|4005-1|,2089,697,114405,712,323,108,0.1,1.5,567,0,0,0,1134,426,0,0,0,426,150
10000604,致死美杜莎,抗性强化III 毒属性攻击强化III,Medusa,2,11,3,3,4124-1|4021-1||4144-1,2089,697,92954,712,323,108,0.15,1.75,0,0,1701,0,0,1418,1418,1418,1418,1418,150
10000605,黑兽人,强壮III,OrcBlack,2,9,3,3,4122-1|4019-1||4141-1,2188,635,215222,713,490,164,0.09,1.5,0,0,0,0,1150,0,719,719,0,719,150
10000606,大型变异藤曼,忽高忽低II,ChomperAberrance,3,2,2,2,4105-1|4133-1,3342,0,67005,714,327,109,0.09,1.5,0,0,908,0,0,0,851,851,0,851,150
10000607,远古人类国王,物理抗性III,Leoric,3,3,3,3,4108-1|4004-1|4005-1|,2117,706,116075,715,327,109,0.1,1.5,575,0,0,0,1150,431,0,0,0,431,150
10000608,狡黠酋长,抗性强化III,GoblinChief,4,1,3,3,4103-1|4001-1|4002-1|4131-1,2258,565,97939,716,262,175,0.09,1.5,575,0,575,0,0,1078,1078,1078,0,1078,150
10000609,魅惑魔女,冰属性攻击强化III,Harpy,4,7,3,3,4116-1|4012-1|4013-1|4145-1,3175,1059,90684,716,327,109,0.15,1.75,0,1724,0,0,0,0,1150,1150,1150,0,150
10000610,大型变异藤曼,忽高忽低II,ChomperAberrance,3,2,2,2,4105-1|4133-1,3382,0,67969,717,332,111,0.09,1.5,0,0,918,0,0,0,861,861,0,861,150
10000611,远古人类国王,物理抗性III,Leoric,3,3,3,3,4108-1|4004-1|4005-1|,2142,714,117744,718,332,111,0.1,1.5,582,0,0,0,1163,437,0,0,0,437,150
10000612,狡黠酋长,抗性强化III,GoblinChief,4,1,3,3,4103-1|4001-1|4002-1|4131-1,2285,572,99346,719,265,177,0.09,1.5,582,0,582,0,0,1091,1091,1091,0,1091,150
10000613,食尸鬼大王,攻击强化III,GhoulLord,4,6,3,3,4115-1|4138-1,2285,572,99346,720,332,111,0.4,1.5,0,0,1163,0,1163,1163,0,0,1163,1454,150
10000614,规则制定者[泰坦],领主III 守关BOSSIII,Titans,2,18,4,4,4128-1|4024-1|4025-1|,4697,940,244220,720,552,111,0.15,2.5,0,1989,0,1989,0,0,2487,2487,2487,0,150
10000615,青铜宝箱,宝箱,0,0,0,0,5,0,0,0,0,0,0,0,0,0,0,0,0,0,0,0,0,0,0,0,0
10000616,白银宝箱,宝箱,0,0,0,0,6,0,0,0,0,0,0,0,0,0,0,0,0,0,0,0,0,0,0,0,0
10000617,黄金宝箱,宝箱,0,0,0,0,7,0,0,0,0,0,0,0,0,0,0,0,0,0,0,0,0,0,0,0,0
10000618,藏宝罐,罐子,0,0,0,0,8,0,0,0,0,0,0,0,0,0,0,0,0,0,0,0,0,0,0,0,0
10000619,白骨傀儡,物理抗性I,BonesPuppet,3,3,20,1,4106-1|,15,8,200,500,3,1,0,2,5,0,0,0,0,3,0,0,0,3,150
10000620,兽人战士,强壮I,OrcSoldier,4,9,20,1,4120-1|4139-1,9,2,425,500,3,1,0,2,0,0,0,0,5,0,5,0,0,5,150
10000621,地狱三头犬,领主 火属性强化II,Cerberus,2,15,4,4,4109-1|4006-1|4007-1|,10,5,5000,500,3,1,0,2,0,0,0,0,0,0,0,0,0,0,150
